"ref_date","user_source","share_scene","share_count","share_user"
"2016-06-01",0,1,108,77
"2016-06-01",0,2,72,61
"2016-06-01",0,5,8,6
"2016-06-02",0,1,86,66
"2016-06-02",0,2,53,44
"2016-06-02",0,5,7,5
"2016-06-03",0,1,37,27
"2016-06-03",0,2,26,22
"2016-06-03",0,5,4,3
"2016-06-04",0,1,61,51
"2016-06-04",0,2,35,32
"2016-06-04",0,5,2,2
"2016-06-05",0,1,104,44
"2016-06-05",0,2,62,39
"2016-06-05",0,5,9,7
"2016-06-06",0,1,34,23
"2016-06-06",0,2,37,20
"2016-06-06",0,5,9,4
"2016-06-07",0,1,33,27
"2016-06-07",0,2,45,31
"2016-06-07",0,5,4,1
"2016-06-08",0,1,34,21
"2016-06-08",0,2,35,24
"2016-06-08",0,5,2,2
"2016-06-09",0,1,7,5
"2016-06-09",0,2,11,10
"2016-06-10",0,1,2,2
"2016-06-10",0,2,5,5
"2016-06-11",0,1,5,5
"2016-06-11",0,2,9,9
"2016-06-12",0,1,12,7
"2016-06-12",0,2,37,17
"2016-06-13",0,1,16,8
"2016-06-13",0,2,11,7
"2016-06-13",0,5,2,2
"2016-06-14",0,1,48,41
"2016-06-14",0,2,36,28
"2016-06-14",0,5,3,3
"2016-06-15",0,1,54,32
"2016-06-15",0,2,41,31
"2016-06-16",0,1,19,13
"2016-06-16",0,2,32,26
"2016-06-16",0,5,1,1
"2016-06-17",0,1,34,16
"2016-06-17",0,2,28,25
"2016-06-17",0,5,4,3
"2016-06-18",0,1,1,1
"2016-06-18",0,2,12,9
"2016-06-19",0,1,4,4
"2016-06-19",0,2,1,1
"2016-06-20",0,1,14,10
"2016-06-20",0,2,11,9
"2016-06-20",0,5,6,2
"2016-06-21",0,1,41,19
"2016-06-21",0,2,15,10
"2016-06-21",0,5,3,3
"2016-06-22",0,1,28,20
"2016-06-22",0,2,16,14
"2016-06-22",0,5,4,4
"2016-06-23",0,1,29,9
"2016-06-23",0,2,10,9
"2016-06-23",0,5,1,1
"2016-06-24",0,1,12,8
"2016-06-24",0,2,5,5
"2016-06-24",0,5,1,1
"2016-06-25",0,1,1,1
"2016-06-25",0,2,2,2
"2016-06-26",0,1,1,1
"2016-06-27",0,1,7,6
"2016-06-27",0,2,10,8
"2016-06-27",0,5,1,1
"2016-06-28",0,1,35,21
"2016-06-28",0,2,28,25
"2016-06-28",0,5,3,1
"2016-06-29",0,1,43,27
"2016-06-29",0,2,38,35
"2016-06-30",0,1,52,26
"2016-06-30",0,2,38,34
"2016-06-30",0,5,3,3
"2016-07-01",0,1,66,39
"2016-07-01",0,2,49,44
"2016-07-02",0,1,74,40
"2016-07-02",0,2,44,43
"2016-07-02",0,5,3,3
"2016-07-03",0,1,58,34
"2016-07-03",0,2,34,28
"2016-07-03",0,5,1,1
"2016-07-04",0,1,38,27
"2016-07-04",0,2,21,21
"2016-07-04",0,5,4,3
"2016-07-05",0,1,30,23
"2016-07-05",0,2,33,30
"2016-07-05",0,5,3,2
"2016-07-06",0,1,42,26
"2016-07-06",0,2,27,23
"2016-07-06",0,5,2,2
"2016-07-07",0,1,23,18
"2016-07-07",0,2,22,19
"2016-07-07",0,5,4,3
"2016-07-08",0,1,13,9
"2016-07-08",0,2,7,6
"2016-07-08",0,5,2,2
"2016-07-09",0,1,1,1
"2016-07-09",0,2,3,3
"2016-07-10",0,1,18,13
"2016-07-10",0,2,6,6
"2016-07-10",0,5,2,2
"2016-07-11",0,1,13,12
"2016-07-11",0,2,17,16
"2016-07-11",0,5,1,1
"2016-07-12",0,1,72,61
"2016-07-12",0,2,59,48
"2016-07-12",0,5,4,4
"2016-07-13",0,1,84,65
"2016-07-13",0,2,74,60
"2016-07-13",0,5,8,7
"2016-07-14",0,1,57,48
"2016-07-14",0,2,49,41
"2016-07-14",0,5,5,5
"2016-07-15",0,1,67,44
"2016-07-15",0,2,47,37
"2016-07-15",0,5,5,4
"2016-07-16",0,1,29,28
"2016-07-16",0,2,22,18
"2016-07-16",0,5,2,1
"2016-07-17",0,1,12,10
"2016-07-17",0,2,14,12
"2016-07-18",0,1,85,55
"2016-07-18",0,2,53,45
"2016-07-18",0,5,4,2
"2016-07-19",0,1,158,100
"2016-07-19",0,2,89,74
"2016-07-19",0,5,9,8
"2016-07-20",0,1,97,46
"2016-07-20",0,2,41,32
"2016-07-20",0,5,3,1
"2016-07-21",0,1,119,77
"2016-07-21",0,2,80,60
"2016-07-21",0,5,7,4
"2016-07-22",0,1,170,112
"2016-07-22",0,2,75,67
"2016-07-22",0,5,13,10
"2016-07-23",0,1,41,32
"2016-07-23",0,2,33,29
"2016-07-23",0,5,4,3
"2016-07-24",0,1,31,22
"2016-07-24",0,2,27,25
"2016-07-24",0,5,1,1
"2016-07-25",0,1,78,50
"2016-07-25",0,2,50,38
"2016-07-25",0,5,6,5
"2016-07-26",0,1,21,16
"2016-07-26",0,2,33,24
"2016-07-26",0,5,2,1
"2016-07-27",0,1,62,35
"2016-07-27",0,2,32,21
"2016-07-27",0,5,6,3
"2016-07-28",0,1,75,50
"2016-07-28",0,2,49,38
"2016-07-28",0,5,4,4
"2016-07-29",0,1,88,63
"2016-07-29",0,2,89,70
"2016-07-29",0,5,9,7
"2016-07-30",0,1,155,108
"2016-07-30",0,2,149,141
"2016-07-30",0,5,10,9
"2016-07-31",0,1,130,87
"2016-07-31",0,2,103,93
"2016-07-31",0,5,7,6
"2016-08-01",0,1,94,55
"2016-08-01",0,2,71,61
"2016-08-01",0,5,5,5
"2016-08-02",0,1,163,125
"2016-08-02",0,2,151,130
"2016-08-02",0,5,10,8
"2016-08-03",0,1,79,47
"2016-08-03",0,2,70,56
"2016-08-03",0,5,5,5
"2016-08-04",0,1,79,58
"2016-08-04",0,2,77,61
"2016-08-04",0,5,8,5
"2016-08-05",0,1,74,53
"2016-08-05",0,2,48,40
"2016-08-05",0,5,2,2
"2016-08-06",0,1,98,71
"2016-08-06",0,2,108,86
"2016-08-06",0,5,8,8
"2016-08-07",0,1,44,36
"2016-08-07",0,2,52,45
"2016-08-07",0,5,4,3
"2016-08-08",0,1,78,46
"2016-08-08",0,2,59,43
"2016-08-08",0,5,9,6
"2016-08-09",0,1,58,45
"2016-08-09",0,2,47,39
"2016-08-09",0,5,5,5
"2016-08-10",0,1,125,96
"2016-08-10",0,2,87,72
"2016-08-10",0,5,8,7
"2016-08-11",0,1,139,111
"2016-08-11",0,2,84,75
"2016-08-11",0,5,5,5
"2016-08-12",0,1,89,60
"2016-08-12",0,2,82,68
"2016-08-12",0,5,6,6
"2016-08-13",0,1,96,81
"2016-08-13",0,2,111,104
"2016-08-13",0,5,4,3
"2016-08-14",0,1,47,36
"2016-08-14",0,2,38,33
"2016-08-14",0,5,3,3
"2016-08-15",0,1,95,68
"2016-08-15",0,2,54,46
"2016-08-15",0,5,6,4
"2016-08-16",0,1,65,47
"2016-08-16",0,2,38,31
"2016-08-16",0,5,2,2
"2016-08-17",0,1,115,80
"2016-08-17",0,2,49,41
"2016-08-17",0,5,1,1
"2016-08-18",0,1,110,88
"2016-08-18",0,2,61,55
"2016-08-18",0,5,8,7
"2016-08-19",0,1,116,81
"2016-08-19",0,2,31,25
"2016-08-19",0,5,3,3
"2016-08-20",0,1,19,17
"2016-08-20",0,2,25,23
"2016-08-20",0,5,1,1
"2016-08-21",0,1,42,28
"2016-08-21",0,2,29,27
"2016-08-21",0,5,1,1
"2016-08-22",0,1,116,78
"2016-08-22",0,2,98,80
"2016-08-23",0,1,92,79
"2016-08-23",0,2,63,58
"2016-08-23",0,5,2,2
"2016-08-24",0,1,118,90
"2016-08-24",0,2,110,91
"2016-08-24",0,5,3,3
"2016-08-25",0,1,64,51
"2016-08-25",0,2,45,38
"2016-08-25",0,5,4,4
"2016-08-26",0,1,110,82
"2016-08-26",0,2,78,59
"2016-08-26",0,5,3,3
"2016-08-27",0,1,46,26
"2016-08-27",0,2,29,25
"2016-08-28",0,1,87,66
"2016-08-28",0,2,57,49
"2016-08-28",0,5,7,6
"2016-08-29",0,1,111,72
"2016-08-29",0,2,49,41
"2016-08-29",0,5,2,2
"2016-08-30",0,1,52,45
"2016-08-30",0,2,59,43
"2016-08-30",0,5,1,1
"2016-08-31",0,1,53,34
"2016-08-31",0,2,39,21
"2016-08-31",0,5,2,2
"2016-09-01",0,1,101,64
"2016-09-01",0,2,60,52
"2016-09-01",0,5,2,2
"2016-09-02",0,1,98,67
"2016-09-02",0,2,50,34
"2016-09-02",0,5,3,3
"2016-09-03",0,1,56,46
"2016-09-03",0,2,39,30
"2016-09-03",0,5,4,1
"2016-09-04",0,1,15,11
"2016-09-04",0,2,8,6
"2016-09-05",0,1,41,31
"2016-09-05",0,2,37,27
"2016-09-05",0,5,2,2
"2016-09-06",0,1,47,34
"2016-09-06",0,2,31,24
"2016-09-07",0,1,145,104
"2016-09-07",0,2,68,54
"2016-09-07",0,5,3,3
"2016-09-08",0,1,98,75
"2016-09-08",0,2,68,56
"2016-09-08",0,5,5,5
"2016-09-09",0,1,103,73
"2016-09-09",0,2,52,46
"2016-09-10",0,1,46,26
"2016-09-10",0,2,24,22
"2016-09-10",0,5,2,1
"2016-09-11",0,1,40,29
"2016-09-11",0,2,47,32
"2016-09-11",0,5,1,1
"2016-09-12",0,1,87,59
"2016-09-12",0,2,69,54
"2016-09-12",0,5,1,1
"2016-09-13",0,1,52,40
"2016-09-13",0,2,45,32
"2016-09-13",0,5,4,3
"2016-09-14",0,1,41,29
"2016-09-14",0,2,36,25
"2016-09-15",0,1,20,13
"2016-09-15",0,2,10,9
"2016-09-16",0,1,41,28
"2016-09-16",0,2,28,23
"2016-09-16",0,5,2,2
"2016-09-17",0,1,61,35
"2016-09-17",0,2,35,29
"2016-09-17",0,5,3,3
"2016-09-18",0,1,66,44
"2016-09-18",0,2,55,46
"2016-09-18",0,5,1,1
"2016-09-19",0,1,31,19
"2016-09-19",0,2,38,25
"2016-09-19",0,5,2,2
"2016-09-20",0,1,86,54
"2016-09-20",0,2,49,37
"2016-09-20",0,5,2,2
"2016-09-21",0,1,75,55
"2016-09-21",0,2,54,45
"2016-09-21",0,5,1,1
"2016-09-22",0,1,41,30
"2016-09-22",0,2,40,33
"2016-09-22",0,5,1,1
"2016-09-23",0,1,33,24
"2016-09-23",0,2,45,34
"2016-09-24",0,1,35,24
"2016-09-24",0,2,28,24
"2016-09-25",0,1,24,17
"2016-09-25",0,2,28,22
"2016-09-26",0,1,54,29
"2016-09-26",0,2,32,28
"2016-09-26",0,5,1,1
"2016-09-27",0,1,40,29
"2016-09-27",0,2,57,40
"2016-09-28",0,1,67,29
"2016-09-28",0,2,35,24
"2016-09-28",0,5,3,3
"2016-09-29",0,1,54,39
"2016-09-29",0,2,41,34
"2016-09-29",0,5,3,2
"2016-09-30",0,1,48,35
"2016-09-30",0,2,41,25
"2016-09-30",0,5,1,1
"2016-10-01",0,1,15,14
"2016-10-01",0,2,23,20
"2016-10-01",0,5,1,1
"2016-10-02",0,1,7,6
"2016-10-02",0,2,8,8
"2016-10-03",0,1,39,29
"2016-10-03",0,2,22,17
"2016-10-03",0,5,3,3
"2016-10-04",0,1,31,22
"2016-10-04",0,2,29,17
"2016-10-04",0,5,2,2
"2016-10-05",0,1,20,16
"2016-10-05",0,2,11,8
"2016-10-05",0,5,6,4
"2016-10-06",0,1,27,20
"2016-10-06",0,2,24,20
"2016-10-06",0,5,5,3
"2016-10-07",0,1,32,21
"2016-10-07",0,2,25,21
"2016-10-07",0,5,4,2
"2016-10-08",0,1,61,45
"2016-10-08",0,2,78,42
"2016-10-08",0,5,1,1
"2016-10-09",0,1,28,24
"2016-10-09",0,2,54,36
"2016-10-09",0,5,2,2
"2016-10-10",0,1,54,30
"2016-10-10",0,2,67,35
"2016-10-11",0,1,59,40
"2016-10-11",0,2,58,40
"2016-10-11",0,5,9,5
"2016-10-12",0,1,61,43
"2016-10-12",0,2,98,59
"2016-10-12",0,5,3,3
"2016-10-13",0,1,43,35
"2016-10-13",0,2,61,39
"2016-10-13",0,5,7,5
"2016-10-14",0,1,29,23
"2016-10-14",0,2,46,28
"2016-10-14",0,5,4,4
"2016-10-15",0,1,40,27
"2016-10-15",0,2,44,38
"2016-10-15",0,5,12,5
"2016-10-16",0,1,97,56
"2016-10-16",0,2,59,48
"2016-10-16",0,5,3,3
"2016-10-17",0,1,81,63
"2016-10-17",0,2,71,47
"2016-10-17",0,5,3,3
"2016-10-18",0,1,45,36
"2016-10-18",0,2,81,51
"2016-10-18",0,5,4,2
"2016-10-19",0,1,61,46
"2016-10-19",0,2,62,42
"2016-10-19",0,5,5,4
"2016-10-20",0,1,112,85
"2016-10-20",0,2,113,68
"2016-10-20",0,5,8,4
"2016-10-21",0,1,73,51
"2016-10-21",0,2,77,44
"2016-10-21",0,5,6,5
"2016-10-22",0,1,24,20
"2016-10-22",0,2,41,28
"2016-10-22",0,5,10,5
"2016-10-23",0,1,21,14
"2016-10-23",0,2,25,21
"2016-10-24",0,1,91,59
"2016-10-24",0,2,76,35
"2016-10-24",0,5,7,4
"2016-10-25",0,1,71,47
"2016-10-25",0,2,76,46
"2016-10-25",0,5,4,3
"2016-10-26",0,1,57,38
"2016-10-26",0,2,83,53
"2016-10-26",0,5,4,3
"2016-10-27",0,1,61,42
"2016-10-27",0,2,85,53
"2016-10-27",0,5,9,5
"2016-10-28",0,1,63,41
"2016-10-28",0,2,55,32
"2016-10-28",0,5,3,3
"2016-10-29",0,1,22,18
"2016-10-29",0,2,28,27
"2016-10-30",0,1,34,24
"2016-10-30",0,2,36,19
"2016-10-30",0,5,9,5
"2016-10-31",0,1,55,40
"2016-10-31",0,2,86,45
"2016-10-31",0,5,8,4
"2016-11-01",0,1,93,68
"2016-11-01",0,2,84,52
"2016-11-01",0,5,8,4
"2016-11-02",0,1,142,117
"2016-11-02",0,2,118,80
"2016-11-02",0,5,10,9
"2016-11-03",0,1,99,79
"2016-11-03",0,2,91,65
"2016-11-03",0,5,13,8
"2016-11-04",0,1,57,49
"2016-11-04",0,2,73,43
"2016-11-04",0,5,10,6
"2016-11-05",0,1,32,24
"2016-11-05",0,2,27,24
"2016-11-05",0,5,5,4
"2016-11-06",0,1,49,25
"2016-11-06",0,2,37,23
"2016-11-06",0,5,4,3
"2016-11-07",0,1,31,25
"2016-11-07",0,2,58,41
"2016-11-07",0,5,4,3
"2016-11-08",0,1,81,67
"2016-11-08",0,2,92,57
"2016-11-08",0,5,5,4
"2016-11-09",0,1,56,49
"2016-11-09",0,2,68,44
"2016-11-09",0,5,5,5
"2016-11-10",0,1,40,30
"2016-11-10",0,2,56,29
"2016-11-10",0,5,7,3
"2016-11-11",0,1,66,17
"2016-11-11",0,2,55,30
"2016-11-11",0,5,4,3
"2016-11-12",0,1,46,35
"2016-11-12",0,2,32,29
"2016-11-12",0,5,7,3
"2016-11-13",0,1,23,21
"2016-11-13",0,2,22,18
"2016-11-13",0,5,6,3
"2016-11-14",0,1,49,34
"2016-11-14",0,2,55,39
"2016-11-14",0,5,4,3
"2016-11-15",0,1,34,27
"2016-11-15",0,2,46,32
"2016-11-15",0,5,4,2
"2016-11-16",0,1,34,25
"2016-11-16",0,2,44,28
"2016-11-16",0,5,5,3
"2016-11-17",0,1,49,38
"2016-11-17",0,2,55,36
"2016-11-17",0,5,12,8
"2016-11-18",0,1,50,40
"2016-11-18",0,2,55,39
"2016-11-18",0,5,4,4
"2016-11-19",0,1,97,78
"2016-11-19",0,2,88,78
"2016-11-19",0,5,2,2
"2016-11-20",0,1,30,24
"2016-11-20",0,2,23,22
"2016-11-20",0,5,4,4
"2016-11-21",0,1,38,29
"2016-11-21",0,2,46,29
"2016-11-21",0,5,9,7
"2016-11-22",0,1,33,28
"2016-11-22",0,2,38,25
"2016-11-22",0,5,9,5
"2016-11-23",0,1,83,57
"2016-11-23",0,2,68,52
"2016-11-23",0,5,4,4
"2016-11-24",0,1,101,80
"2016-11-24",0,2,49,39
"2016-11-24",0,5,17,12
"2016-11-25",0,1,74,54
"2016-11-25",0,2,63,41
"2016-11-25",0,5,9,6
"2016-11-26",0,1,32,25
"2016-11-26",0,2,19,18
"2016-11-26",0,5,6,4
"2016-11-27",0,1,25,18
"2016-11-27",0,2,43,24
"2016-11-27",0,5,1,1
"2016-11-28",0,1,113,86
"2016-11-28",0,2,57,44
"2016-11-28",0,5,10,7
"2016-11-29",0,1,99,71
"2016-11-29",0,2,71,52
"2016-11-29",0,5,13,9
"2016-11-30",0,1,64,41
"2016-11-30",0,2,57,30
"2016-11-30",0,5,4,4
"2016-12-01",0,1,130,70
"2016-12-01",0,2,48,26
"2016-12-01",0,5,4,4
"2016-12-02",0,1,81,62
"2016-12-02",0,2,78,33
"2016-12-02",0,5,14,7
"2016-12-03",0,1,44,40
"2016-12-03",0,2,19,18
"2016-12-03",0,5,2,2
"2016-12-04",0,1,34,24
"2016-12-04",0,2,28,21
"2016-12-04",0,5,2,2
"2016-12-05",0,1,68,48
"2016-12-05",0,2,45,31
"2016-12-05",0,5,9,5
"2016-12-06",0,1,58,42
"2016-12-06",0,2,38,22
"2016-12-06",0,5,3,2
"2016-12-07",0,1,114,85
"2016-12-07",0,2,60,48
"2016-12-07",0,5,9,6
"2016-12-08",0,1,88,51
"2016-12-08",0,2,55,32
"2016-12-08",0,5,9,6
"2016-12-09",0,1,52,41
"2016-12-09",0,2,63,46
"2016-12-09",0,5,3,2
"2016-12-10",0,1,31,19
"2016-12-10",0,2,37,29
"2016-12-10",0,5,5,2
"2016-12-11",0,1,6,6
"2016-12-11",0,2,19,18
"2016-12-12",0,1,40,36
"2016-12-12",0,2,39,35
"2016-12-12",0,5,3,2
"2016-12-13",0,1,73,55
"2016-12-13",0,2,46,38
"2016-12-13",0,5,2,2
"2016-12-14",0,1,79,67
"2016-12-14",0,2,95,67
"2016-12-14",0,5,12,8
"2016-12-15",0,1,91,74
"2016-12-15",0,2,69,54
"2016-12-15",0,5,3,2
"2016-12-16",0,1,217,168
"2016-12-16",0,2,260,246
"2016-12-16",0,5,9,6
"2016-12-17",0,1,384,312
"2016-12-17",0,2,567,528
"2016-12-17",0,5,11,11
"2016-12-18",0,1,316,241
"2016-12-18",0,2,402,382
"2016-12-18",0,5,2,2
"2016-12-19",0,1,257,182
"2016-12-19",0,2,231,209
"2016-12-19",0,5,9,8
"2016-12-20",0,1,114,69
"2016-12-20",0,2,109,89
"2016-12-20",0,5,5,5
"2016-12-21",0,1,78,61
"2016-12-21",0,2,85,60
"2016-12-21",0,5,11,8
"2016-12-22",0,1,71,60
"2016-12-22",0,2,78,41
"2016-12-22",0,5,2,1
"2016-12-23",0,1,89,70
"2016-12-23",0,2,96,79
"2016-12-23",0,5,4,4
"2016-12-24",0,1,82,66
"2016-12-24",0,2,51,45
"2016-12-24",0,5,4,4
"2016-12-25",0,1,77,59
"2016-12-25",0,2,81,65
"2016-12-25",0,5,3,3
"2016-12-26",0,1,89,61
"2016-12-26",0,2,48,39
"2016-12-26",0,5,8,5
"2016-12-27",0,1,75,55
"2016-12-27",0,2,36,26
"2016-12-27",0,5,3,3
"2016-12-28",0,1,97,74
"2016-12-28",0,2,78,63
"2016-12-28",0,5,10,7
"2016-12-29",0,1,49,38
"2016-12-29",0,2,29,21
"2016-12-29",0,5,4,4
"2016-12-30",0,1,65,36
"2016-12-30",0,2,60,27
"2016-12-30",0,5,8,5
"2016-12-31",0,1,23,21
"2016-12-31",0,2,16,14
"2016-12-31",0,5,3,3
"2017-01-01",0,1,40,33
"2017-01-01",0,2,48,41
"2017-01-01",0,5,5,5
"2017-01-02",0,1,29,22
"2017-01-02",0,2,57,41
"2017-01-02",0,5,6,4
"2017-01-03",0,1,61,39
"2017-01-03",0,2,56,33
"2017-01-03",0,5,7,3
"2017-01-04",0,1,39,27
"2017-01-04",0,2,31,16
"2017-01-04",0,5,6,3
"2017-01-05",0,1,50,44
"2017-01-05",0,2,38,30
"2017-01-05",0,5,11,8
"2017-01-06",0,1,63,51
"2017-01-06",0,2,46,36
"2017-01-06",0,5,4,3
"2017-01-07",0,1,49,36
"2017-01-07",0,2,21,18
"2017-01-07",0,5,8,6
"2017-01-08",0,1,32,23
"2017-01-08",0,2,12,11
"2017-01-08",0,5,4,3
"2017-01-09",0,1,26,22
"2017-01-09",0,2,20,14
"2017-01-09",0,5,8,2
"2017-01-10",0,1,39,25
"2017-01-10",0,2,38,26
"2017-01-10",0,5,8,7
"2017-01-11",0,1,188,152
"2017-01-11",0,2,152,142
"2017-01-11",0,5,7,6
"2017-01-12",0,1,78,68
"2017-01-12",0,2,75,58
"2017-01-12",0,5,7,5
"2017-01-13",0,1,45,37
"2017-01-13",0,2,29,24
"2017-01-13",0,5,4,4
"2017-01-14",0,1,18,13
"2017-01-14",0,2,22,18
"2017-01-14",0,5,3,3
"2017-01-15",0,1,22,17
"2017-01-15",0,2,22,20
"2017-01-15",0,5,1,1
"2017-01-16",0,1,57,40
"2017-01-16",0,2,37,23
"2017-01-16",0,5,6,5
"2017-01-17",0,1,114,86
"2017-01-17",0,2,88,66
"2017-01-17",0,5,5,3
"2017-01-18",0,1,84,42
"2017-01-18",0,2,36,30
"2017-01-18",0,5,6,3
"2017-01-19",0,1,33,28
"2017-01-19",0,2,29,23
"2017-01-20",0,1,25,20
"2017-01-20",0,2,29,24
"2017-01-20",0,5,6,6
"2017-01-21",0,1,34,25
"2017-01-21",0,2,44,38
"2017-01-22",0,1,19,17
"2017-01-22",0,2,28,23
"2017-01-22",0,5,7,5
"2017-01-23",0,1,44,37
"2017-01-23",0,2,34,28
"2017-01-23",0,5,9,7
"2017-01-24",0,1,28,24
"2017-01-24",0,2,27,23
"2017-01-24",0,5,5,5
"2017-01-25",0,1,20,15
"2017-01-25",0,2,7,6
"2017-01-25",0,5,4,4
"2017-01-26",0,1,15,14
"2017-01-26",0,2,15,14
"2017-01-26",0,5,4,4
"2017-01-27",0,1,9,8
"2017-01-27",0,2,4,4
"2017-01-27",0,5,1,1
"2017-01-28",0,1,18,16
"2017-01-28",0,2,15,14
"2017-01-28",0,5,3,2
"2017-01-29",0,1,20,17
"2017-01-29",0,2,16,16
"2017-01-29",0,5,2,2
"2017-01-30",0,1,25,17
"2017-01-30",0,2,10,10
"2017-01-30",0,5,2,2
"2017-01-31",0,1,5,5
"2017-01-31",0,2,7,6
"2017-01-31",0,5,1,1
"2017-02-01",0,1,23,15
"2017-02-01",0,2,16,15
"2017-02-01",0,5,4,3
"2017-02-02",0,1,12,10
"2017-02-02",0,2,7,5
"2017-02-03",0,1,65,54
"2017-02-03",0,2,54,34
"2017-02-03",0,5,15,5
"2017-02-04",0,1,48,37
"2017-02-04",0,2,29,25
"2017-02-04",0,5,9,5
"2017-02-05",0,1,21,16
"2017-02-05",0,2,23,20
"2017-02-05",0,5,1,1
"2017-02-06",0,1,34,28
"2017-02-06",0,2,23,18
"2017-02-06",0,5,10,5
"2017-02-07",0,1,93,50
"2017-02-07",0,2,65,50
"2017-02-07",0,5,19,5
"2017-02-08",0,1,39,32
"2017-02-08",0,2,35,25
"2017-02-08",0,5,16,2
"2017-02-09",0,1,81,66
"2017-02-09",0,2,48,34
"2017-02-09",0,5,22,4
"2017-02-10",0,1,42,36
"2017-02-10",0,2,25,19
"2017-02-10",0,5,20,5
"2017-02-11",0,1,73,59
"2017-02-11",0,2,43,42
"2017-02-11",0,5,3,3
"2017-02-12",0,1,28,20
"2017-02-12",0,2,20,18
"2017-02-13",0,1,47,36
"2017-02-13",0,2,32,21
"2017-02-13",0,5,23,4
"2017-02-14",0,1,73,53
"2017-02-14",0,2,51,30
"2017-02-14",0,5,6,4
"2017-02-15",0,1,52,43
"2017-02-15",0,2,45,31
"2017-02-15",0,5,21,5
"2017-02-16",0,1,36,29
"2017-02-16",0,2,39,24
"2017-02-16",0,5,31,5
"2017-02-17",0,1,27,20
"2017-02-17",0,2,37,22
"2017-02-17",0,5,6,4
"2017-02-18",0,1,24,18
"2017-02-18",0,2,18,17
"2017-02-18",0,5,3,2
"2017-02-19",0,1,27,22
"2017-02-19",0,2,17,14
"2017-02-20",0,1,27,22
"2017-02-20",0,2,38,24
"2017-02-20",0,5,23,1
"2017-02-21",0,1,61,44
"2017-02-21",0,2,57,41
"2017-02-21",0,5,28,5
"2017-02-22",0,1,85,58
"2017-02-22",0,2,59,33
"2017-02-22",0,5,2,2
"2017-02-23",0,1,51,30
"2017-02-23",0,2,38,22
"2017-02-23",0,5,25,3
"2017-02-24",0,1,50,24
"2017-02-24",0,2,24,14
"2017-02-24",0,5,7,5
"2017-02-25",0,1,66,48
"2017-02-25",0,2,50,35
"2017-02-25",0,5,4,4
"2017-02-26",0,1,67,54
"2017-02-26",0,2,35,34
"2017-02-26",0,5,9,7
"2017-02-27",0,1,93,49
"2017-02-27",0,2,49,24
"2017-02-27",0,5,7,4
"2017-02-28",0,1,110,78
"2017-02-28",0,2,89,64
"2017-02-28",0,5,7,5
"2017-03-01",0,1,67,50
"2017-03-01",0,2,71,63
"2017-03-01",0,5,4,3
"2017-03-02",0,1,96,78
"2017-03-02",0,2,85,73
"2017-03-02",0,5,5,4
"2017-03-03",0,1,51,41
"2017-03-03",0,2,43,29
"2017-03-03",0,5,11,6
"2017-03-04",0,1,13,10
"2017-03-04",0,2,14,10
"2017-03-04",0,5,5,2
"2017-03-05",0,1,44,30
"2017-03-05",0,2,29,28
"2017-03-05",0,5,2,2
"2017-03-06",0,1,34,19
"2017-03-06",0,2,25,15
"2017-03-06",0,5,9,4
"2017-03-07",0,1,67,31
"2017-03-07",0,2,36,23
"2017-03-07",0,5,4,3
"2017-03-08",0,1,75,51
"2017-03-08",0,2,57,41
"2017-03-08",0,5,5,3
"2017-03-09",0,1,83,60
"2017-03-09",0,2,56,41
"2017-03-09",0,5,8,4
"2017-03-10",0,1,88,44
"2017-03-10",0,2,37,24
"2017-03-10",0,5,5,3
"2017-03-11",0,1,57,42
"2017-03-11",0,2,46,43
"2017-03-11",0,5,4,4
"2017-03-12",0,1,72,52
"2017-03-12",0,2,55,48
"2017-03-12",0,5,2,1
"2017-03-13",0,1,102,55
"2017-03-13",0,2,76,58
"2017-03-13",0,5,15,6
"2017-03-14",0,1,63,40
"2017-03-14",0,2,39,29
"2017-03-14",0,5,12,6
"2017-03-15",0,1,46,37
"2017-03-15",0,2,42,27
"2017-03-15",0,5,10,9
"2017-03-16",0,1,109,89
"2017-03-16",0,2,98,81
"2017-03-16",0,5,5,3
"2017-03-17",0,1,80,56
"2017-03-17",0,2,65,54
"2017-03-17",0,5,6,3
"2017-03-18",0,1,47,31
"2017-03-18",0,2,28,27
"2017-03-18",0,5,1,1
"2017-03-19",0,1,33,29
"2017-03-19",0,2,44,42
"2017-03-19",0,5,5,1
"2017-03-20",0,1,38,25
"2017-03-20",0,2,36,20
"2017-03-20",0,5,10,4
"2017-03-21",0,1,41,27
"2017-03-21",0,2,25,17
"2017-03-21",0,5,6,6
"2017-03-22",0,1,136,97
"2017-03-22",0,2,87,73
"2017-03-22",0,5,5,4
"2017-03-23",0,1,67,51
"2017-03-23",0,2,55,37
"2017-03-23",0,5,5,5
"2017-03-24",0,1,43,33
"2017-03-24",0,2,44,35
"2017-03-24",0,5,7,2
"2017-03-25",0,1,41,35
"2017-03-25",0,2,27,24
"2017-03-25",0,5,6,2
"2017-03-26",0,1,76,52
"2017-03-26",0,2,60,56
"2017-03-26",0,5,10,8
"2017-03-27",0,1,82,57
"2017-03-27",0,2,64,52
"2017-03-27",0,5,9,4
"2017-03-28",0,1,65,45
"2017-03-28",0,2,40,26
"2017-03-28",0,5,5,4
"2017-03-29",0,1,88,65
"2017-03-29",0,2,73,56
"2017-03-29",0,5,7,4
"2017-03-30",0,1,59,43
"2017-03-30",0,2,58,37
"2017-03-30",0,5,9,6
"2017-03-31",0,1,27,21
"2017-03-31",0,2,54,19
"2017-03-31",0,5,15,3
"2017-04-01",0,1,43,38
"2017-04-01",0,2,36,25
"2017-04-01",0,5,3,3
"2017-04-02",0,1,38,29
"2017-04-02",0,2,12,11
"2017-04-02",0,5,4,3
"2017-04-03",0,1,49,39
"2017-04-03",0,2,80,70
"2017-04-03",0,5,5,3
"2017-04-04",0,1,37,29
"2017-04-04",0,2,41,35
"2017-04-04",0,5,4,4
"2017-04-05",0,1,88,50
"2017-04-05",0,2,69,51
"2017-04-05",0,5,10,5
"2017-04-06",0,1,97,63
"2017-04-06",0,2,58,43
"2017-04-06",0,5,3,3
"2017-04-07",0,1,37,24
"2017-04-07",0,2,36,25
"2017-04-07",0,5,3,2
"2017-04-08",0,1,21,19
"2017-04-08",0,2,25,24
"2017-04-08",0,5,5,3
"2017-04-09",0,1,67,56
"2017-04-09",0,2,64,61
"2017-04-09",0,5,15,10
"2017-04-10",0,1,69,55
"2017-04-10",0,2,63,45
"2017-04-10",0,5,8,4
"2017-04-11",0,1,86,55
"2017-04-11",0,2,91,67
"2017-04-11",0,5,5,4
"2017-04-12",0,1,117,70
"2017-04-12",0,2,116,69
"2017-04-12",0,5,12,8
"2017-04-13",0,1,129,89
"2017-04-13",0,2,99,81
"2017-04-13",0,5,9,5
"2017-04-14",0,1,84,54
"2017-04-14",0,2,72,54
"2017-04-14",0,5,12,5
"2017-04-15",0,1,57,49
"2017-04-15",0,2,55,53
"2017-04-15",0,5,3,3
"2017-04-16",0,1,90,55
"2017-04-16",0,2,61,50
"2017-04-16",0,5,10,7
"2017-04-17",0,1,113,31
"2017-04-17",0,2,62,32
"2017-04-17",0,5,6,2
"2017-04-18",0,1,48,28
"2017-04-18",0,2,59,37
"2017-04-18",0,5,3,2
"2017-04-19",0,1,84,65
"2017-04-19",0,2,117,90
"2017-04-19",0,5,8,6
"2017-04-20",0,1,84,54
"2017-04-20",0,2,86,63
"2017-04-20",0,5,11,5
"2017-04-21",0,1,87,62
"2017-04-21",0,2,64,31
"2017-04-21",0,5,6,4
"2017-04-22",0,1,57,41
"2017-04-22",0,2,52,43
"2017-04-22",0,5,1,1
"2017-04-23",0,1,33,29
"2017-04-23",0,2,30,29
"2017-04-23",0,5,1,1
"2017-04-24",0,1,328,260
"2017-04-24",0,2,179,147
"2017-04-24",0,5,11,9
"2017-04-25",0,1,104,81
"2017-04-25",0,2,83,60
"2017-04-25",0,5,11,8
"2017-04-26",0,1,52,35
"2017-04-26",0,2,49,29
"2017-04-26",0,5,12,6
"2017-04-27",0,1,84,60
"2017-04-27",0,2,72,51
"2017-04-27",0,5,5,4
"2017-04-28",0,1,65,47
"2017-04-28",0,2,68,44
"2017-04-28",0,5,7,4
"2017-04-29",0,1,52,43
"2017-04-29",0,2,35,31
"2017-04-29",0,5,4,4
"2017-04-30",0,1,29,23
"2017-04-30",0,2,20,18
"2017-05-01",0,1,17,16
"2017-05-01",0,2,12,11
"2017-05-01",0,5,4,3
"2017-05-02",0,1,119,78
"2017-05-02",0,2,141,84
"2017-05-02",0,5,16,7
"2017-05-03",0,1,51,43
"2017-05-03",0,2,54,36
"2017-05-03",0,5,10,6
"2017-05-04",0,1,60,49
"2017-05-04",0,2,65,45
"2017-05-04",0,5,6,5
"2017-05-05",0,1,45,36
"2017-05-05",0,2,49,28
"2017-05-05",0,5,4,3
"2017-05-06",0,1,39,34
"2017-05-06",0,2,16,15
"2017-05-06",0,5,3,3
"2017-05-07",0,1,65,52
"2017-05-07",0,2,71,64
"2017-05-07",0,5,3,1
"2017-05-08",0,1,108,89
"2017-05-08",0,2,185,164
"2017-05-08",0,5,6,4
"2017-05-09",0,1,106,73
"2017-05-09",0,2,168,142
"2017-05-09",0,5,4,2
"2017-05-10",0,1,135,84
"2017-05-10",0,2,146,120
"2017-05-10",0,5,9,6
"2017-05-11",0,1,115,96
"2017-05-11",0,2,122,101
"2017-05-11",0,5,8,6
"2017-05-12",0,1,56,46
"2017-05-12",0,2,51,41
"2017-05-12",0,5,7,4
"2017-05-13",0,1,71,59
"2017-05-13",0,2,73,59
"2017-05-13",0,5,1,1
"2017-05-14",0,1,57,44
"2017-05-14",0,2,38,33
"2017-05-14",0,5,5,5
"2017-05-15",0,1,35,24
"2017-05-15",0,2,32,15
"2017-05-15",0,5,6,3
"2017-05-16",0,1,55,46
"2017-05-16",0,2,74,48
"2017-05-16",0,5,8,6
"2017-05-17",0,1,148,104
"2017-05-17",0,2,81,67
"2017-05-17",0,5,9,5
"2017-05-18",0,1,69,57
"2017-05-18",0,2,66,56
"2017-05-18",0,5,6,4
"2017-05-19",0,1,100,76
"2017-05-19",0,2,74,57
"2017-05-19",0,5,11,6
"2017-05-20",0,1,85,61
"2017-05-20",0,2,42,36
"2017-05-20",0,5,3,3
"2017-05-21",0,1,54,48
"2017-05-21",0,2,73,62
"2017-05-21",0,5,3,2
"2017-05-22",0,1,50,40
"2017-05-22",0,2,50,37
"2017-05-22",0,5,12,7
"2017-05-23",0,1,64,45
"2017-05-23",0,2,68,48
"2017-05-23",0,5,10,6
"2017-05-24",0,1,58,37
"2017-05-24",0,2,40,28
"2017-05-24",0,5,9,5
"2017-05-25",0,1,31,27
"2017-05-25",0,2,38,29
"2017-05-25",0,5,12,4
"2017-05-26",0,1,48,42
"2017-05-26",0,2,40,26
"2017-05-26",0,5,12,3
"2017-05-27",0,1,46,34
"2017-05-27",0,2,75,57
"2017-05-27",0,5,4,2
"2017-05-28",0,1,132,92
"2017-05-28",0,2,192,180
"2017-05-28",0,5,2,2
"2017-05-29",0,1,93,57
"2017-05-29",0,2,145,134
"2017-05-29",0,5,1,1
"2017-05-30",0,1,30,23
"2017-05-30",0,2,32,32
"2017-05-30",0,5,3,3
"2017-05-31",0,1,66,50
"2017-05-31",0,2,62,48
"2017-05-31",0,5,6,3
"2017-06-01",0,1,69,53
"2017-06-01",0,2,68,61
"2017-06-01",0,5,15,12
"2017-06-02",0,1,45,35
"2017-06-02",0,2,46,35
"2017-06-02",0,5,9,6
"2017-06-03",0,1,38,19
"2017-06-03",0,2,25,19
"2017-06-03",0,5,3,3
"2017-06-04",0,1,44,35
"2017-06-04",0,2,26,22
"2017-06-04",0,5,2,2
"2017-06-05",0,1,66,57
"2017-06-05",0,2,39,28
"2017-06-05",0,5,12,5
"2017-06-06",0,1,44,24
"2017-06-06",0,2,45,29
"2017-06-06",0,5,2,2
"2017-06-07",0,1,42,35
"2017-06-07",0,2,41,32
"2017-06-07",0,5,8,5
"2017-06-08",0,1,72,43
"2017-06-08",0,2,37,26
"2017-06-08",0,5,10,5
"2017-06-09",0,1,40,31
"2017-06-09",0,2,34,22
"2017-06-09",0,5,10,5
"2017-06-10",0,1,76,57
"2017-06-10",0,2,80,73
"2017-06-10",0,5,3,3
"2017-06-11",0,1,53,46
"2017-06-11",0,2,49,48
"2017-06-11",0,5,2,2
"2017-06-12",0,1,83,47
"2017-06-12",0,2,30,23
"2017-06-12",0,5,6,3
"2017-06-13",0,1,59,31
"2017-06-13",0,2,38,29
"2017-06-13",0,5,6,4
"2017-06-14",0,1,44,27
"2017-06-14",0,2,15,11
"2017-06-14",0,5,10,5
"2017-06-15",0,1,42,32
"2017-06-15",0,2,19,17
"2017-06-15",0,5,3,2
"2017-06-16",0,1,25,21
"2017-06-16",0,2,19,17
"2017-06-16",0,5,1,1
"2017-06-17",0,1,33,30
"2017-06-17",0,2,41,35
"2017-06-17",0,5,3,3
"2017-06-18",0,1,79,65
"2017-06-18",0,2,61,53
"2017-06-19",0,1,53,49
"2017-06-19",0,2,68,58
"2017-06-19",0,5,7,2
"2017-06-20",0,1,143,113
"2017-06-20",0,2,115,97
"2017-06-20",0,5,10,8
"2017-06-21",0,1,98,78
"2017-06-21",0,2,86,75
"2017-06-21",0,5,9,7
"2017-06-22",0,1,58,53
"2017-06-22",0,2,58,44
"2017-06-22",0,5,10,8
"2017-06-23",0,1,40,33
"2017-06-23",0,2,40,30
"2017-06-23",0,5,9,4
"2017-06-24",0,1,25,23
"2017-06-24",0,2,30,21
"2017-06-24",0,5,3,3
"2017-06-25",0,1,43,38
"2017-06-25",0,2,34,27
"2017-06-25",0,5,7,5
"2017-06-26",0,1,106,78
"2017-06-26",0,2,106,83
"2017-06-26",0,5,16,7
"2017-06-27",0,1,63,56
"2017-06-27",0,2,102,93
"2017-06-27",0,5,5,4
"2017-06-28",0,1,65,55
"2017-06-28",0,2,64,51
"2017-06-28",0,5,10,6
"2017-06-29",0,1,64,52
"2017-06-29",0,2,66,49
"2017-06-29",0,5,13,6
"2017-06-30",0,1,56,38
"2017-06-30",0,2,42,34
"2017-06-30",0,5,5,1
"2017-07-01",0,1,40,29
"2017-07-01",0,2,14,13
"2017-07-02",0,1,54,38
"2017-07-02",0,2,40,33
"2017-07-02",0,5,4,4
"2017-07-03",0,1,94,80
"2017-07-03",0,2,59,48
"2017-07-03",0,5,8,6
"2017-07-04",0,1,45,39
"2017-07-04",0,2,47,34
"2017-07-04",0,5,18,7
"2017-07-05",0,1,66,54
"2017-07-05",0,2,68,42
"2017-07-05",0,5,3,3
"2017-07-06",0,1,49,35
"2017-07-06",0,2,33,22
"2017-07-06",0,5,4,2
"2017-07-07",0,1,44,35
"2017-07-07",0,2,36,29
"2017-07-07",0,5,2,2
"2017-07-08",0,1,52,40
"2017-07-08",0,2,25,23
"2017-07-08",0,5,1,1
"2017-07-09",0,1,23,15
"2017-07-09",0,2,21,21
"2017-07-09",0,5,2,2
"2017-07-10",0,1,20,14
"2017-07-10",0,2,21,12
"2017-07-10",0,5,4,3
"2017-07-11",0,1,30,22
"2017-07-11",0,2,37,22
"2017-07-11",0,5,9,5
"2017-07-12",0,1,51,38
"2017-07-12",0,2,43,30
"2017-07-12",0,5,7,5
"2017-07-13",0,1,35,28
"2017-07-13",0,2,37,26
"2017-07-13",0,5,8,6
"2017-07-14",0,1,42,29
"2017-07-14",0,2,24,18
"2017-07-14",0,5,3,3
"2017-07-15",0,1,27,21
"2017-07-15",0,2,14,12
"2017-07-16",0,1,51,37
"2017-07-16",0,2,28,25
"2017-07-16",0,5,8,6
"2017-07-17",0,1,48,38
"2017-07-17",0,2,54,40
"2017-07-17",0,5,3,3
"2017-07-18",0,1,82,47
"2017-07-18",0,2,43,35
"2017-07-18",0,5,1,1
"2017-07-19",0,1,97,78
"2017-07-19",0,2,84,69
"2017-07-19",0,5,7,4
"2017-07-20",0,1,104,70
"2017-07-20",0,2,64,54
"2017-07-20",0,5,9,6
"2017-07-21",0,1,64,53
"2017-07-21",0,2,55,42
"2017-07-21",0,5,4,4
"2017-07-22",0,1,71,62
"2017-07-22",0,2,44,43
"2017-07-22",0,5,6,5
"2017-07-23",0,1,69,58
"2017-07-23",0,2,44,40
"2017-07-23",0,5,1,1
"2017-07-24",0,1,113,83
"2017-07-24",0,2,85,68
"2017-07-24",0,5,8,4
"2017-07-25",0,1,126,98
"2017-07-25",0,2,78,67
"2017-07-25",0,5,7,3
"2017-07-26",0,1,54,45
"2017-07-26",0,2,36,30
"2017-07-26",0,5,3,3
"2017-07-27",0,1,46,36
"2017-07-27",0,2,39,30
"2017-07-28",0,1,34,21
"2017-07-28",0,2,27,16
"2017-07-28",0,5,6,4
"2017-07-29",0,1,21,17
"2017-07-29",0,2,27,19
"2017-07-30",0,1,28,21
"2017-07-30",0,2,32,24
"2017-07-30",0,5,1,1
"2017-07-31",0,1,48,38
"2017-07-31",0,2,51,42
"2017-07-31",0,5,4,3
"2017-08-01",0,1,29,28
"2017-08-01",0,2,34,27
"2017-08-01",0,5,11,7
"2017-08-02",0,1,72,52
"2017-08-02",0,2,35,22
"2017-08-02",0,5,7,4
"2017-08-03",0,1,58,35
"2017-08-03",0,2,70,54
"2017-08-03",0,5,5,5
"2017-08-04",0,1,72,59
"2017-08-04",0,2,44,33
"2017-08-04",0,5,5,4
"2017-08-05",0,1,44,33
"2017-08-05",0,2,20,19
"2017-08-05",0,5,2,2
"2017-08-06",0,1,93,74
"2017-08-06",0,2,97,92
"2017-08-06",0,5,5,5
"2017-08-07",0,1,88,77
"2017-08-07",0,2,75,58
"2017-08-07",0,5,11,5
"2017-08-08",0,1,95,59
"2017-08-08",0,2,70,54
"2017-08-08",0,5,3,3
"2017-08-09",0,1,73,37
"2017-08-09",0,2,38,26
"2017-08-09",0,5,6,4
"2017-08-10",0,1,81,60
"2017-08-10",0,2,45,35
"2017-08-10",0,5,10,6
"2017-08-11",0,1,25,25
"2017-08-11",0,2,45,35
"2017-08-11",0,5,3,2
"2017-08-12",0,1,24,23
"2017-08-12",0,2,19,18
"2017-08-12",0,5,6,4
"2017-08-13",0,1,39,32
"2017-08-13",0,2,29,24
"2017-08-13",0,5,5,4
"2017-08-14",0,1,84,69
"2017-08-14",0,2,72,59
"2017-08-14",0,5,8,4
"2017-08-15",0,1,35,30
"2017-08-15",0,2,42,30
"2017-08-15",0,5,12,8
"2017-08-16",0,1,59,47
"2017-08-16",0,2,50,40
"2017-08-16",0,5,6,6
"2017-08-17",0,1,38,33
"2017-08-17",0,2,42,30
"2017-08-17",0,5,6,5
"2017-08-18",0,1,42,39
"2017-08-18",0,2,54,41
"2017-08-18",0,5,4,4
"2017-08-19",0,1,25,23
"2017-08-19",0,2,16,15
"2017-08-19",0,5,3,3
"2017-08-20",0,1,59,37
"2017-08-20",0,2,45,41
"2017-08-20",0,5,1,1
"2017-08-21",0,1,69,53
"2017-08-21",0,2,68,60
"2017-08-21",0,5,2,2
"2017-08-22",0,1,27,22
"2017-08-22",0,2,29,22
"2017-08-22",0,5,3,3
"2017-08-23",0,1,60,50
"2017-08-23",0,2,77,59
"2017-08-23",0,5,9,6
"2017-08-24",0,1,47,34
"2017-08-24",0,2,50,36
"2017-08-24",0,5,2,2
"2017-08-25",0,1,27,23
"2017-08-25",0,2,30,17
"2017-08-25",0,5,4,2
"2017-08-26",0,1,52,27
"2017-08-26",0,2,30,30
"2017-08-26",0,5,3,3
"2017-08-27",0,1,38,28
"2017-08-27",0,2,15,15
"2017-08-27",0,5,4,4
"2017-08-28",0,1,47,39
"2017-08-28",0,2,53,43
"2017-08-28",0,5,4,3
"2017-08-29",0,1,47,40
"2017-08-29",0,2,27,23
"2017-08-29",0,5,9,5
"2017-08-30",0,1,62,44
"2017-08-30",0,2,27,23
"2017-08-30",0,5,4,4
"2017-08-31",0,1,89,67
"2017-08-31",0,2,46,37
"2017-08-31",0,5,5,3
"2017-09-01",0,1,37,31
"2017-09-01",0,2,55,45
"2017-09-01",0,5,4,3
"2017-09-02",0,1,19,16
"2017-09-02",0,2,22,19
"2017-09-02",0,5,3,3
"2017-09-03",0,1,14,10
"2017-09-03",0,2,13,12
"2017-09-04",0,1,71,50
"2017-09-04",0,2,38,26
"2017-09-04",0,5,6,6
"2017-09-05",0,1,129,105
"2017-09-05",0,2,73,68
"2017-09-05",0,5,15,8
"2017-09-06",0,1,133,103
"2017-09-06",0,2,74,63
"2017-09-06",0,5,10,8
"2017-09-07",0,1,73,57
"2017-09-07",0,2,54,42
"2017-09-07",0,5,5,5
"2017-09-08",0,1,60,50
"2017-09-08",0,2,57,44
"2017-09-08",0,5,6,4
"2017-09-09",0,1,27,23
"2017-09-09",0,2,29,21
"2017-09-09",0,5,6,6
"2017-09-10",0,1,27,22
"2017-09-10",0,2,27,25
"2017-09-10",0,5,4,3
"2017-09-11",0,1,47,39
"2017-09-11",0,2,32,27
"2017-09-11",0,5,9,5
"2017-09-12",0,1,83,61
"2017-09-12",0,2,82,64
"2017-09-12",0,5,22,11
"2017-09-13",0,1,55,40
"2017-09-13",0,2,61,46
"2017-09-13",0,5,8,7
"2017-09-14",0,1,60,47
"2017-09-14",0,2,45,33
"2017-09-14",0,5,5,3
"2017-09-15",0,1,50,42
"2017-09-15",0,2,32,24
"2017-09-15",0,5,6,4
"2017-09-16",0,1,54,44
"2017-09-16",0,2,52,48
"2017-09-17",0,1,40,32
"2017-09-17",0,2,28,27
"2017-09-17",0,5,4,4
"2017-09-18",0,1,62,47
"2017-09-18",0,2,45,36
"2017-09-18",0,5,3,3
"2017-09-19",0,1,195,158
"2017-09-19",0,2,88,73
"2017-09-19",0,5,21,14
"2017-09-20",0,1,99,83
"2017-09-20",0,2,66,56
"2017-09-20",0,5,7,7
"2017-09-21",0,1,79,67
"2017-09-21",0,2,40,27
"2017-09-21",0,5,5,4
"2017-09-22",0,1,74,61
"2017-09-22",0,2,39,30
"2017-09-22",0,5,9,6
"2017-09-23",0,1,46,33
"2017-09-23",0,2,16,15
"2017-09-23",0,5,1,1
"2017-09-24",0,1,19,15
"2017-09-24",0,2,9,9
"2017-09-24",0,5,1,1
"2017-09-25",0,1,48,34
"2017-09-25",0,2,33,18
"2017-09-25",0,5,5,4
"2017-09-26",0,1,100,89
"2017-09-26",0,2,60,48
"2017-09-26",0,5,7,4
"2017-09-27",0,1,42,31
"2017-09-27",0,2,34,24
"2017-09-27",0,5,3,3
"2017-09-28",0,1,26,24
"2017-09-28",0,2,52,39
"2017-09-28",0,5,1,1
"2017-09-29",0,1,53,38
"2017-09-29",0,2,44,31
"2017-09-29",0,5,5,4
"2017-09-30",0,1,64,42
"2017-09-30",0,2,31,25
"2017-09-30",0,5,3,3
"2017-10-01",0,1,8,7
"2017-10-01",0,2,16,16
"2017-10-02",0,1,4,4
"2017-10-02",0,2,3,3
"2017-10-03",0,1,3,3
"2017-10-03",0,2,3,3
"2017-10-04",0,1,2,2
"2017-10-04",0,2,3,3
"2017-10-05",0,1,6,5
"2017-10-05",0,2,1,1
"2017-10-05",0,5,2,2
"2017-10-06",0,1,7,6
"2017-10-07",0,1,8,8
"2017-10-07",0,2,1,1
"2017-10-07",0,5,3,1
"2017-10-08",0,1,7,6
"2017-10-08",0,2,2,2
"2017-10-09",0,1,41,33
"2017-10-09",0,2,24,18
"2017-10-09",0,5,9,3
"2017-10-10",0,1,39,25
"2017-10-10",0,2,22,16
"2017-10-10",0,5,4,3
"2017-10-11",0,1,165,135
"2017-10-11",0,2,127,113
"2017-10-11",0,5,4,4
"2017-10-12",0,1,175,143
"2017-10-12",0,2,143,134
"2017-10-12",0,5,10,9
"2017-10-13",0,1,74,59
"2017-10-13",0,2,61,44
"2017-10-13",0,5,5,3
"2017-10-14",0,1,22,16
"2017-10-14",0,2,12,12
"2017-10-14",0,5,4,4
"2017-10-15",0,1,39,32
"2017-10-15",0,2,24,23
"2017-10-15",0,5,2,2
"2017-10-16",0,1,95,69
"2017-10-16",0,2,59,41
"2017-10-16",0,5,5,4
"2017-10-17",0,1,42,36
"2017-10-17",0,2,44,35
"2017-10-17",0,5,4,4
"2017-10-18",0,1,97,77
"2017-10-18",0,2,37,25
"2017-10-18",0,5,6,4
"2017-10-19",0,1,24,23
"2017-10-19",0,2,18,13
"2017-10-19",0,5,2,1
"2017-10-20",0,1,47,24
"2017-10-20",0,2,27,17
"2017-10-20",0,5,4,3
"2017-10-21",0,1,18,18
"2017-10-21",0,2,14,13
"2017-10-21",0,5,4,1
"2017-10-22",0,1,25,23
"2017-10-22",0,2,27,23
"2017-10-22",0,5,3,1
"2017-10-23",0,1,41,24
"2017-10-23",0,2,35,23
"2017-10-23",0,5,1,1
"2017-10-24",0,1,79,58
"2017-10-24",0,2,40,38
"2017-10-24",0,5,14,8
"2017-10-25",0,1,65,39
"2017-10-25",0,2,25,18
"2017-10-25",0,5,6,4
"2017-10-26",0,1,56,40
"2017-10-26",0,2,26,18
"2017-10-26",0,5,3,3
"2017-10-27",0,1,64,33
"2017-10-27",0,2,32,25
"2017-10-27",0,5,9,8
"2017-10-28",0,1,49,39
"2017-10-28",0,2,41,35
"2017-10-28",0,5,4,4
"2017-10-29",0,1,63,43
"2017-10-29",0,2,35,34
"2017-10-29",0,5,1,1
"2017-10-30",0,1,44,35
"2017-10-30",0,2,54,40
"2017-10-30",0,5,8,4
"2017-10-31",0,1,40,34
"2017-10-31",0,2,27,19
"2017-10-31",0,5,5,2
"2017-11-01",0,1,51,43
"2017-11-01",0,2,26,17
"2017-11-01",0,5,9,7
"2017-11-02",0,1,139,84
"2017-11-02",0,2,44,36
"2017-11-02",0,5,3,3
"2017-11-03",0,1,105,32
"2017-11-03",0,2,12,9
"2017-11-03",0,5,2,1
"2017-11-04",0,1,30,25
"2017-11-04",0,2,19,17
"2017-11-04",0,5,2,1
"2017-11-05",0,1,40,30
"2017-11-05",0,2,24,23
"2017-11-05",0,5,1,1
"2017-11-06",0,1,39,29
"2017-11-06",0,2,27,25
"2017-11-06",0,5,4,2
"2017-11-07",0,1,47,39
"2017-11-07",0,2,40,30
"2017-11-07",0,5,1,1
"2017-11-08",0,1,33,25
"2017-11-08",0,2,42,29
"2017-11-08",0,5,3,3
"2017-11-09",0,1,34,31
"2017-11-09",0,2,39,29
"2017-11-09",0,5,4,4
"2017-11-10",0,1,51,35
"2017-11-10",0,2,26,19
"2017-11-10",0,5,4,4
"2017-11-11",0,1,33,29
"2017-11-11",0,2,17,15
"2017-11-11",0,5,2,2
"2017-11-12",0,1,52,45
"2017-11-12",0,2,35,31
"2017-11-12",0,5,6,6
"2017-11-13",0,1,43,38
"2017-11-13",0,2,36,28
"2017-11-13",0,5,9,6
"2017-11-14",0,1,53,47
"2017-11-14",0,2,29,24
"2017-11-14",0,5,3,3
"2017-11-15",0,1,60,48
"2017-11-15",0,2,55,41
"2017-11-15",0,5,6,4
"2017-11-16",0,1,42,34
"2017-11-16",0,2,26,17
"2017-11-16",0,5,5,3
"2017-11-17",0,1,65,36
"2017-11-17",0,2,42,28
"2017-11-17",0,5,5,3
"2017-11-18",0,1,19,16
"2017-11-18",0,2,23,20
"2017-11-18",0,5,5,5
"2017-11-19",0,1,38,29
"2017-11-19",0,2,37,31
"2017-11-19",0,5,2,2
"2017-11-20",0,1,62,52
"2017-11-20",0,2,65,57
"2017-11-20",0,5,3,2
"2017-11-21",0,1,54,42
"2017-11-21",0,2,28,25
"2017-11-21",0,5,6,4
"2017-11-22",0,1,55,48
"2017-11-22",0,2,29,23
"2017-11-22",0,5,5,4
"2017-11-23",0,1,47,42
"2017-11-23",0,2,31,25
"2017-11-23",0,5,5,5
"2017-11-24",0,1,34,29
"2017-11-24",0,2,14,11
"2017-11-24",0,5,2,2
"2017-11-25",0,1,30,25
"2017-11-25",0,2,21,19
"2017-11-25",0,5,4,4
"2017-11-26",0,1,30,29
"2017-11-26",0,2,26,23
"2017-11-26",0,5,1,1
"2017-11-27",0,1,146,113
"2017-11-27",0,2,104,82
"2017-11-27",0,5,11,8
"2017-11-28",0,1,75,62
"2017-11-28",0,2,48,34
"2017-11-28",0,5,4,2
"2017-11-29",0,1,116,82
"2017-11-29",0,2,74,59
"2017-11-29",0,5,11,5
"2017-11-30",0,1,53,38
"2017-11-30",0,2,37,28
"2017-11-30",0,5,3,2
"2017-12-01",0,1,76,59
"2017-12-01",0,2,45,34
"2017-12-01",0,5,6,6
"2017-12-02",0,1,104,91
"2017-12-02",0,2,51,48
"2017-12-02",0,5,2,2
"2017-12-03",0,1,41,35
"2017-12-03",0,2,22,19
"2017-12-03",0,5,1,1
"2017-12-04",0,1,79,52
"2017-12-04",0,2,44,32
"2017-12-04",0,5,9,7
"2017-12-05",0,1,86,61
"2017-12-05",0,2,52,39
"2017-12-05",0,5,11,7
"2017-12-06",0,1,74,55
"2017-12-06",0,2,60,49
"2017-12-06",0,5,9,7
"2017-12-07",0,1,75,56
"2017-12-07",0,2,45,35
"2017-12-07",0,5,7,5
"2017-12-08",0,1,49,29
"2017-12-08",0,2,29,18
"2017-12-08",0,5,11,7
"2017-12-09",0,1,52,47
"2017-12-09",0,2,48,42
"2017-12-09",0,5,6,5
"2017-12-10",0,1,32,29
"2017-12-10",0,2,19,17
"2017-12-10",0,5,3,3
"2017-12-11",0,1,64,55
"2017-12-11",0,2,45,34
"2017-12-11",0,5,6,5
"2017-12-12",0,1,75,58
"2017-12-12",0,2,43,34
"2017-12-12",0,5,10,7
"2017-12-13",0,1,62,44
"2017-12-13",0,2,61,48
"2017-12-13",0,5,10,7
"2017-12-14",0,1,52,41
"2017-12-14",0,2,44,35
"2017-12-14",0,5,9,7
"2017-12-15",0,1,83,56
"2017-12-15",0,2,56,43
"2017-12-15",0,5,9,9
"2017-12-16",0,1,20,18
"2017-12-16",0,2,18,11
"2017-12-17",0,1,46,33
"2017-12-17",0,2,31,28
"2017-12-17",0,5,2,1
"2017-12-18",0,1,121,105
"2017-12-18",0,2,51,43
"2017-12-18",0,5,5,5
"2017-12-19",0,1,75,57
"2017-12-19",0,2,47,40
"2017-12-19",0,5,7,3
"2017-12-20",0,1,44,29
"2017-12-20",0,2,31,26
"2017-12-20",0,5,5,5
"2017-12-21",0,1,84,49
"2017-12-21",0,2,40,38
"2017-12-21",0,5,6,5
"2017-12-22",0,1,44,38
"2017-12-22",0,2,31,27
"2017-12-22",0,5,6,5
"2017-12-23",0,1,54,42
"2017-12-23",0,2,36,34
"2017-12-23",0,5,4,2
"2017-12-24",0,1,42,39
"2017-12-24",0,2,24,23
"2017-12-24",0,5,5,4
"2017-12-25",0,1,66,62
"2017-12-25",0,2,26,23
"2017-12-25",0,5,4,3
"2017-12-26",0,1,149,128
"2017-12-26",0,2,37,29
"2017-12-26",0,5,6,5
"2017-12-27",0,1,64,48
"2017-12-27",0,2,40,34
"2017-12-27",0,5,12,5
"2017-12-28",0,1,81,57
"2017-12-28",0,2,45,30
"2017-12-28",0,5,8,8
"2017-12-29",0,1,66,51
"2017-12-29",0,2,36,31
"2017-12-29",0,5,11,7
"2017-12-30",0,1,46,42
"2017-12-30",0,2,21,17
"2017-12-30",0,5,4,4
"2017-12-31",0,1,39,31
"2017-12-31",0,2,27,23
"2017-12-31",0,5,3,3
"2018-01-01",0,1,48,35
"2018-01-01",0,2,16,16
"2018-01-01",0,5,4,4
"2018-01-02",0,1,64,50
"2018-01-02",0,2,32,25
"2018-01-02",0,5,4,4
"2018-01-03",0,1,72,54
"2018-01-03",0,2,25,22
"2018-01-03",0,5,10,6
"2018-01-04",0,1,46,34
"2018-01-04",0,2,20,14
"2018-01-04",0,5,10,6
"2018-01-05",0,1,52,39
"2018-01-05",0,2,23,17
"2018-01-05",0,5,16,4
"2018-01-06",0,1,35,25
"2018-01-06",0,2,19,15
"2018-01-06",0,5,6,3
"2018-01-07",0,1,128,101
"2018-01-07",0,2,75,68
"2018-01-07",0,5,10,9
"2018-01-08",0,1,79,59
"2018-01-08",0,2,32,24
"2018-01-08",0,3,3,1
"2018-01-08",0,5,18,6
"2018-01-08",0,7,3,1
"2018-01-09",0,1,60,54
"2018-01-09",0,2,26,24
"2018-01-10",0,1,47,35
"2018-01-10",0,2,28,22
"2018-01-10",0,5,3,3
"2018-01-11",0,1,108,88
"2018-01-11",0,2,80,69
"2018-01-11",0,5,18,10
"2018-01-12",0,1,82,64
"2018-01-12",0,2,42,36
"2018-01-12",0,5,3,2
"2018-01-13",0,1,114,100
"2018-01-13",0,2,64,59
"2018-01-13",0,5,8,7
"2018-01-14",0,1,51,47
"2018-01-14",0,2,47,43
"2018-01-14",0,5,9,7
"2018-01-15",0,1,84,64
"2018-01-15",0,2,36,26
"2018-01-15",0,5,6,3
"2018-01-16",0,1,51,39
"2018-01-16",0,2,45,36
"2018-01-16",0,5,5,5
"2018-01-17",0,1,42,32
"2018-01-17",0,2,16,12
"2018-01-17",0,5,3,3
"2018-01-18",0,1,61,52
"2018-01-18",0,2,25,20
"2018-01-18",0,5,5,3
"2018-01-19",0,1,64,48
"2018-01-19",0,2,36,32
"2018-01-19",0,5,5,5
"2018-01-20",0,1,58,50
"2018-01-20",0,2,31,27
"2018-01-20",0,5,4,4
"2018-01-21",0,1,33,23
"2018-01-21",0,2,25,23
"2018-01-21",0,5,7,7
"2018-01-22",0,1,92,69
"2018-01-22",0,2,43,34
"2018-01-22",0,5,6,4
"2018-01-23",0,1,57,42
"2018-01-23",0,2,34,25
"2018-01-23",0,5,6,5
"2018-01-24",0,1,47,26
"2018-01-24",0,2,20,16
"2018-01-24",0,5,5,3
"2018-01-25",0,1,65,49
"2018-01-25",0,2,39,31
"2018-01-25",0,5,9,7
"2018-01-26",0,1,73,47
"2018-01-26",0,2,29,19
"2018-01-26",0,5,6,5
"2018-01-27",0,1,66,56
"2018-01-27",0,2,40,36
"2018-01-27",0,5,2,2
"2018-01-28",0,1,43,37
"2018-01-28",0,2,32,29
"2018-01-28",0,5,2,2
"2018-01-29",0,1,81,67
"2018-01-29",0,2,61,48
"2018-01-29",0,5,4,3
"2018-01-30",0,1,63,49
"2018-01-30",0,2,37,30
"2018-01-30",0,5,2,2
"2018-01-31",0,1,75,63
"2018-01-31",0,2,43,37
"2018-01-31",0,5,4,3
"2018-02-01",0,1,56,49
"2018-02-01",0,2,44,37
"2018-02-01",0,5,3,3
"2018-02-02",0,1,44,40
"2018-02-02",0,2,11,11
"2018-02-02",0,5,5,3
"2018-02-03",0,1,47,40
"2018-02-03",0,2,22,20
"2018-02-03",0,5,1,1
"2018-02-04",0,1,57,38
"2018-02-04",0,2,27,26
"2018-02-04",0,5,5,4
"2018-02-05",0,1,69,57
"2018-02-05",0,2,56,37
"2018-02-05",0,5,5,4
"2018-02-06",0,1,47,37
"2018-02-06",0,2,38,27
"2018-02-06",0,5,7,5
"2018-02-07",0,1,112,84
"2018-02-07",0,2,52,40
"2018-02-07",0,5,7,6
"2018-02-08",0,1,103,83
"2018-02-08",0,2,51,47
"2018-02-08",0,5,3,3
"2018-02-09",0,1,79,66
"2018-02-09",0,2,39,37
"2018-02-09",0,5,5,3
"2018-02-10",0,1,43,34
"2018-02-10",0,2,37,28
"2018-02-10",0,5,3,3
"2018-02-11",0,1,59,49
"2018-02-11",0,2,33,24
"2018-02-11",0,5,5,4
"2018-02-12",0,1,81,51
"2018-02-12",0,2,35,25
"2018-02-12",0,5,2,2
"2018-02-13",0,1,38,29
"2018-02-13",0,2,13,13
"2018-02-13",0,5,4,3
"2018-02-14",0,1,30,16
"2018-02-14",0,2,7,7
"2018-02-14",0,5,2,2
"2018-02-15",0,1,8,4
"2018-02-15",0,2,2,2
"2018-02-16",0,1,9,9
"2018-02-16",0,2,12,11
"2018-02-16",0,5,4,3
"2018-02-17",0,1,45,35
"2018-02-17",0,2,24,20
"2018-02-17",0,5,6,5
"2018-02-18",0,1,59,40
"2018-02-18",0,2,34,29
"2018-02-18",0,5,7,6
"2018-02-19",0,1,34,30
"2018-02-19",0,2,30,21
"2018-02-19",0,5,4,4
"2018-02-20",0,1,61,47
"2018-02-20",0,2,33,29
"2018-02-20",0,5,3,3
"2018-02-21",0,1,31,25
"2018-02-21",0,2,33,27
"2018-02-21",0,5,3,2
"2018-02-22",0,1,54,45
"2018-02-22",0,2,30,25
"2018-02-22",0,3,4,1
"2018-02-22",0,5,20,4
"2018-02-22",0,7,4,1
"2018-02-23",0,1,87,67
"2018-02-23",0,2,44,37
"2018-02-23",0,5,6,4
"2018-02-24",0,1,63,56
"2018-02-24",0,2,26,22
"2018-02-24",0,5,3,3
"2018-02-25",0,1,38,35
"2018-02-25",0,2,24,21
"2018-02-25",0,5,5,5
"2018-02-26",0,1,69,51
"2018-02-26",0,2,42,36
"2018-02-26",0,5,6,4
"2018-02-27",0,1,73,65
"2018-02-27",0,2,37,32
"2018-02-27",0,5,7,6
"2018-02-28",0,1,61,54
"2018-02-28",0,2,63,53
"2018-02-28",0,5,4,4
"2018-03-01",0,1,72,59
"2018-03-01",0,2,42,31
"2018-03-01",0,5,7,5
"2018-03-02",0,1,74,61
"2018-03-02",0,2,45,34
"2018-03-02",0,5,6,5
"2018-03-03",0,1,22,17
"2018-03-03",0,2,24,18
"2018-03-03",0,5,4,4
"2018-03-04",0,1,46,29
"2018-03-04",0,2,32,23
"2018-03-04",0,5,3,3
"2018-03-05",0,1,60,42
"2018-03-05",0,2,22,18
"2018-03-06",0,1,60,47
"2018-03-06",0,2,31,29
"2018-03-06",0,5,2,2
"2018-03-07",0,1,35,32
"2018-03-07",0,2,28,24
"2018-03-08",0,1,44,37
"2018-03-08",0,2,34,26
"2018-03-08",0,5,2,1
"2018-03-09",0,1,29,25
"2018-03-09",0,2,14,10
"2018-03-09",0,5,2,2
"2018-03-10",0,1,63,47
"2018-03-10",0,2,34,30
"2018-03-10",0,5,5,3
"2018-03-11",0,1,41,37
"2018-03-11",0,2,32,29
"2018-03-11",0,5,14,9
"2018-03-12",0,1,35,31
"2018-03-12",0,2,14,13
"2018-03-12",0,5,3,2
"2018-03-13",0,1,61,41
"2018-03-13",0,2,24,23
"2018-03-13",0,5,3,3
"2018-03-14",0,1,49,40
"2018-03-14",0,2,34,32
"2018-03-14",0,5,6,5
"2018-03-15",0,1,117,99
"2018-03-15",0,2,49,44
"2018-03-15",0,5,3,2
"2018-03-16",0,1,195,157
"2018-03-16",0,2,68,63
"2018-03-16",0,5,4,4
"2018-03-17",0,1,55,39
"2018-03-17",0,2,28,25
"2018-03-17",0,5,6,5
"2018-03-18",0,1,43,38
"2018-03-18",0,2,18,16
"2018-03-18",0,5,5,3
"2018-03-19",0,1,48,43
"2018-03-19",0,2,18,17
"2018-03-19",0,5,3,2
"2018-03-20",0,1,64,55
"2018-03-20",0,2,26,22
"2018-03-20",0,5,10,6
"2018-03-21",0,1,43,32
"2018-03-21",0,2,12,11
"2018-03-21",0,5,8,5
"2018-03-22",0,1,39,22
"2018-03-22",0,2,8,8
"2018-03-23",0,1,51,42
"2018-03-23",0,2,45,33
"2018-03-23",0,5,2,1
"2018-03-24",0,1,29,25
"2018-03-24",0,2,19,19
"2018-03-24",0,5,3,3
"2018-03-25",0,1,37,35
"2018-03-25",0,2,24,24
"2018-03-25",0,5,6,6
"2018-03-26",0,1,26,20
"2018-03-26",0,2,22,19
"2018-03-27",0,1,30,27
"2018-03-27",0,2,22,20
"2018-03-28",0,1,86,69
"2018-03-28",0,2,27,24
"2018-03-28",0,5,7,5
"2018-03-29",0,1,49,42
"2018-03-29",0,2,20,16
"2018-03-29",0,5,5,5
"2018-03-30",0,1,39,35
"2018-03-30",0,2,23,17
"2018-03-30",0,5,7,4
"2018-03-31",0,1,36,29
"2018-03-31",0,2,26,25
"2018-03-31",0,5,4,3
"2018-04-01",0,1,29,24
"2018-04-01",0,2,21,18
"2018-04-01",0,5,6,6
"2018-04-02",0,1,30,21
"2018-04-02",0,2,14,11
"2018-04-02",0,5,3,3
"2018-04-03",0,1,36,33
"2018-04-03",0,2,35,30
"2018-04-03",0,5,4,3
"2018-04-04",0,1,34,29
"2018-04-04",0,2,24,18
"2018-04-04",0,5,4,3
"2018-04-05",0,1,59,53
"2018-04-05",0,2,51,45
"2018-04-05",0,5,7,4
"2018-04-06",0,1,103,76
"2018-04-06",0,2,58,57
"2018-04-06",0,5,8,6
"2018-04-07",0,1,72,62
"2018-04-07",0,2,34,32
"2018-04-07",0,5,6,5
"2018-04-08",0,1,55,46
"2018-04-08",0,2,53,48
"2018-04-08",0,5,3,3
"2018-04-09",0,1,72,60
"2018-04-09",0,2,47,42
"2018-04-09",0,5,8,6
"2018-04-10",0,1,44,38
"2018-04-10",0,2,24,21
"2018-04-10",0,5,6,5
"2018-04-11",0,1,38,34
"2018-04-11",0,2,17,15
"2018-04-11",0,5,2,2
"2018-04-12",0,1,34,29
"2018-04-12",0,2,19,17
"2018-04-12",0,5,3,3
"2018-04-13",0,1,140,105
"2018-04-13",0,2,60,57
"2018-04-13",0,5,11,6
"2018-04-14",0,1,39,36
"2018-04-14",0,2,13,13
"2018-04-14",0,5,5,4
"2018-04-15",0,1,16,16
"2018-04-15",0,2,20,16
"2018-04-15",0,5,2,2
"2018-04-16",0,1,35,30
"2018-04-16",0,2,10,10
"2018-04-16",0,5,2,2
"2018-04-17",0,1,31,31
"2018-04-17",0,2,14,14
"2018-04-17",0,5,2,2
"2018-04-18",0,1,40,35
"2018-04-18",0,2,16,15
"2018-04-18",0,5,5,4
"2018-04-19",0,1,56,44
"2018-04-19",0,2,20,18
"2018-04-19",0,5,3,3
"2018-04-20",0,1,81,58
"2018-04-20",0,2,39,27
"2018-04-20",0,5,5,3
"2018-04-21",0,1,32,26
"2018-04-21",0,2,23,21
"2018-04-21",0,5,4,3
"2018-04-22",0,1,41,34
"2018-04-22",0,2,26,25
"2018-04-22",0,5,6,4
"2018-04-23",0,1,48,39
"2018-04-23",0,2,21,19
"2018-04-23",0,5,1,1
"2018-04-24",0,1,48,38
"2018-04-24",0,2,15,13
"2018-04-24",0,5,7,4
"2018-04-25",0,1,43,33
"2018-04-25",0,2,18,17
"2018-04-25",0,5,1,1
"2018-04-26",0,1,39,25
"2018-04-26",0,2,13,12
"2018-04-26",0,5,4,3
"2018-04-27",0,1,77,63
"2018-04-27",0,2,37,33
"2018-04-27",0,5,2,1
"2018-04-28",0,1,53,45
"2018-04-28",0,2,21,19
"2018-04-28",0,5,2,2
"2018-04-29",0,1,18,13
"2018-04-29",0,2,4,4
"2018-04-30",0,1,22,17
"2018-04-30",0,2,17,17
"2018-04-30",0,5,7,5
"2018-05-01",0,1,36,26
"2018-05-01",0,2,30,28
"2018-05-01",0,5,10,8
"2018-05-02",0,1,55,43
"2018-05-02",0,2,25,22
"2018-05-02",0,5,5,3
"2018-05-03",0,1,49,38
"2018-05-03",0,2,21,19
"2018-05-03",0,5,4,4
"2018-05-04",0,1,29,27
"2018-05-04",0,2,11,11
"2018-05-04",0,5,5,4
"2018-05-05",0,1,31,24
"2018-05-05",0,2,17,16
"2018-05-05",0,5,2,2
"2018-05-06",0,1,62,46
"2018-05-06",0,2,28,24
"2018-05-06",0,5,3,3
"2018-05-07",0,1,26,20
"2018-05-07",0,2,10,8
"2018-05-07",0,5,2,2
"2018-05-08",0,1,44,35
"2018-05-08",0,2,21,17
"2018-05-08",0,5,5,5
"2018-05-09",0,1,74,25
"2018-05-09",0,2,15,14
"2018-05-09",0,5,4,2
"2018-05-10",0,1,25,23
"2018-05-10",0,2,11,9
"2018-05-10",0,5,2,2
"2018-05-11",0,1,31,24
"2018-05-11",0,2,13,12
"2018-05-11",0,5,3,2
"2018-05-12",0,1,45,36
"2018-05-12",0,2,20,19
"2018-05-12",0,5,2,2
"2018-05-13",0,1,53,47
"2018-05-13",0,2,27,25
"2018-05-13",0,5,8,4
"2018-05-14",0,1,45,40
"2018-05-14",0,2,22,19
"2018-05-14",0,5,5,5
"2018-05-15",0,1,21,18
"2018-05-15",0,2,9,9
"2018-05-15",0,5,1,1
"2018-05-16",0,1,65,50
"2018-05-16",0,2,33,29
"2018-05-16",0,5,1,1
"2018-05-17",0,1,42,36
"2018-05-17",0,2,15,13
"2018-05-17",0,5,1,1
"2018-05-18",0,1,39,28
"2018-05-18",0,2,17,14
"2018-05-18",0,5,4,4
"2018-05-19",0,1,86,49
"2018-05-19",0,2,108,102
"2018-05-19",0,5,9,4
"2018-05-20",0,1,60,42
"2018-05-20",0,2,74,71
"2018-05-21",0,1,106,96
"2018-05-21",0,2,202,189
"2018-05-21",0,5,3,3
"2018-05-22",0,1,80,59
"2018-05-22",0,2,91,84
"2018-05-22",0,5,6,4
"2018-05-23",0,1,33,24
"2018-05-23",0,2,10,10
"2018-05-23",0,5,1,1
"2018-05-24",0,1,57,50
"2018-05-24",0,2,34,34
"2018-05-24",0,5,7,6
"2018-05-25",0,1,163,146
"2018-05-25",0,2,223,219
"2018-05-25",0,5,4,4
"2018-05-26",0,1,185,163
"2018-05-26",0,2,285,276
"2018-05-26",0,5,8,7
"2018-05-27",0,1,124,113
"2018-05-27",0,2,193,185
"2018-05-27",0,5,8,7
"2018-05-28",0,1,210,165
"2018-05-28",0,2,166,157
"2018-05-28",0,5,11,8
"2018-05-29",0,1,107,92
"2018-05-29",0,2,74,70
"2018-05-29",0,5,2,2
"2018-05-30",0,1,82,68
"2018-05-30",0,2,39,35
"2018-05-30",0,5,5,5
"2018-05-31",0,1,56,50
"2018-05-31",0,2,27,21
"2018-05-31",0,5,6,6
"2018-06-01",0,1,89,68
"2018-06-01",0,2,33,27
"2018-06-01",0,5,4,4
"2018-06-02",0,1,49,36
"2018-06-02",0,2,37,34
"2018-06-02",0,5,2,2
"2018-06-03",0,1,103,77
"2018-06-03",0,2,57,54
"2018-06-03",0,5,1,1
"2018-06-04",0,1,50,46
"2018-06-04",0,2,44,44
"2018-06-04",0,5,5,5
"2018-06-05",0,1,70,62
"2018-06-05",0,2,36,34
"2018-06-05",0,5,4,4
"2018-06-06",0,1,70,59
"2018-06-06",0,2,37,35
"2018-06-06",0,5,3,3
"2018-06-07",0,1,82,67
"2018-06-07",0,2,40,36
"2018-06-07",0,5,4,3
"2018-06-08",0,1,33,29
"2018-06-08",0,2,18,16
"2018-06-08",0,5,4,3
"2018-06-09",0,1,34,28
"2018-06-09",0,2,12,9
"2018-06-09",0,5,4,3
"2018-06-10",0,1,48,35
"2018-06-10",0,2,26,24
"2018-06-10",0,5,3,3
"2018-06-11",0,1,108,83
"2018-06-11",0,2,71,63
"2018-06-11",0,5,5,4
"2018-06-12",0,1,89,76
"2018-06-12",0,2,54,51
"2018-06-12",0,5,2,1
"2018-06-13",0,1,81,54
"2018-06-13",0,2,17,15
"2018-06-14",0,1,53,41
"2018-06-14",0,2,16,14
"2018-06-14",0,5,2,2
"2018-06-15",0,1,31,29
"2018-06-15",0,2,20,16
"2018-06-15",0,5,8,3
"2018-06-16",0,1,14,12
"2018-06-16",0,2,10,9
"2018-06-16",0,5,1,1
"2018-06-17",0,1,24,20
"2018-06-17",0,2,7,7
"2018-06-17",0,5,2,2
"2018-06-18",0,1,17,16
"2018-06-18",0,2,11,10
"2018-06-19",0,1,28,25
"2018-06-19",0,2,14,12
"2018-06-19",0,5,6,1
"2018-06-20",0,1,38,35
"2018-06-20",0,2,21,17
"2018-06-20",0,5,3,2
"2018-06-21",0,1,51,46
"2018-06-21",0,2,20,20
"2018-06-22",0,1,29,23
"2018-06-22",0,2,7,7
"2018-06-22",0,5,3,3
"2018-06-23",0,1,49,42
"2018-06-23",0,2,14,11
"2018-06-23",0,5,1,1
"2018-06-24",0,1,43,40
"2018-06-24",0,2,18,17
"2018-06-24",0,5,4,4
"2018-06-25",0,1,43,37
"2018-06-25",0,2,19,19
"2018-06-25",0,5,2,2
"2018-06-26",0,1,43,38
"2018-06-26",0,2,15,14
"2018-06-26",0,5,3,3
"2018-06-27",0,1,18,15
"2018-06-27",0,2,12,11
"2018-06-27",0,5,4,2
"2018-06-28",0,1,48,44
"2018-06-28",0,2,23,23
"2018-06-28",0,5,3,3
"2018-06-29",0,1,35,26
"2018-06-29",0,2,18,16
"2018-06-30",0,1,49,42
"2018-06-30",0,2,35,33
"2018-06-30",0,5,1,1
"2018-07-01",0,1,68,58
"2018-07-01",0,2,53,50
"2018-07-01",0,5,3,3
"2018-07-02",0,1,56,49
"2018-07-02",0,2,44,38
"2018-07-02",0,5,3,2
"2018-07-03",0,1,53,44
"2018-07-03",0,2,17,17
"2018-07-03",0,5,2,2
"2018-07-04",0,1,27,24
"2018-07-04",0,2,12,9
"2018-07-04",0,5,1,1
"2018-07-05",0,1,34,25
"2018-07-05",0,2,13,12
"2018-07-05",0,5,1,1
"2018-07-06",0,1,54,46
"2018-07-06",0,2,18,17
"2018-07-06",0,5,6,5
"2018-07-07",0,1,60,52
"2018-07-07",0,2,101,94
"2018-07-07",0,5,5,3
"2018-07-08",0,1,56,44
"2018-07-08",0,2,29,25
"2018-07-08",0,5,5,5
"2018-07-09",0,1,41,36
"2018-07-09",0,2,20,20
"2018-07-09",0,5,5,4
"2018-07-10",0,1,34,31
"2018-07-10",0,2,19,17
"2018-07-11",0,1,41,29
"2018-07-11",0,2,41,37
"2018-07-11",0,5,1,1
"2018-07-12",0,1,54,43
"2018-07-12",0,2,19,15
"2018-07-12",0,5,5,2
"2018-07-13",0,1,38,34
"2018-07-13",0,2,18,14
"2018-07-13",0,5,2,2
"2018-07-14",0,1,26,22
"2018-07-14",0,2,25,23
"2018-07-14",0,5,5,4
"2018-07-15",0,1,64,46
"2018-07-15",0,2,38,33
"2018-07-15",0,5,5,5
"2018-07-16",0,1,51,43
"2018-07-16",0,2,21,18
"2018-07-16",0,5,4,4
"2018-07-17",0,1,34,28
"2018-07-17",0,2,14,14
"2018-07-17",0,5,6,3
"2018-07-18",0,1,63,44
"2018-07-18",0,2,21,19
"2018-07-19",0,1,33,28
"2018-07-19",0,2,14,13
"2018-07-19",0,5,3,3
"2018-07-20",0,1,52,41
"2018-07-20",0,2,26,24
"2018-07-20",0,5,9,4
"2018-07-21",0,1,81,69
"2018-07-21",0,2,57,53
"2018-07-21",0,5,6,5
"2018-07-22",0,1,52,41
"2018-07-22",0,2,17,16
"2018-07-23",0,1,65,44
"2018-07-23",0,2,22,20
"2018-07-23",0,5,1,1
"2018-07-24",0,1,34,30
"2018-07-24",0,2,12,10
"2018-07-24",0,5,2,2
"2018-07-25",0,1,47,41
"2018-07-25",0,2,20,18
"2018-07-25",0,5,1,1
"2018-07-26",0,1,38,33
"2018-07-26",0,2,17,15
"2018-07-27",0,1,42,31
"2018-07-27",0,2,10,10
"2018-07-27",0,5,5,5
"2018-07-28",0,1,24,18
"2018-07-28",0,2,7,6
"2018-07-28",0,5,2,1
"2018-07-29",0,1,82,69
"2018-07-29",0,2,81,78
"2018-07-29",0,5,4,3
"2018-07-30",0,1,93,72
"2018-07-30",0,2,46,43
"2018-07-30",0,5,1,1
"2018-07-31",0,1,116,101
"2018-07-31",0,2,99,93
"2018-07-31",0,5,5,3
"2018-08-01",0,1,92,77
"2018-08-01",0,2,69,67
"2018-08-01",0,5,3,3
"2018-08-02",0,1,45,43
"2018-08-02",0,2,26,24
"2018-08-02",0,5,2,2
"2018-08-03",0,1,38,32
"2018-08-03",0,2,17,14
"2018-08-03",0,5,1,1
"2018-08-04",0,1,63,49
"2018-08-04",0,2,45,38
"2018-08-04",0,5,2,2
"2018-08-05",0,1,47,42
"2018-08-05",0,2,52,46
"2018-08-05",0,5,1,1
"2018-08-06",0,1,61,45
"2018-08-06",0,2,30,26
"2018-08-07",0,1,44,40
"2018-08-07",0,2,24,21
"2018-08-07",0,5,1,1
"2018-08-08",0,1,47,42
"2018-08-08",0,2,39,31
"2018-08-08",0,5,1,1
"2018-08-09",0,1,38,32
"2018-08-09",0,2,13,13
"2018-08-09",0,5,1,1
"2018-08-10",0,1,31,27
"2018-08-10",0,2,3,3
"2018-08-10",0,5,3,1
"2018-08-11",0,1,221,196
"2018-08-11",0,2,139,129
"2018-08-11",0,5,5,4
"2018-08-12",0,1,120,95
"2018-08-12",0,2,57,53
"2018-08-12",0,5,2,1
"2018-08-13",0,1,109,99
"2018-08-13",0,2,60,56
"2018-08-13",0,5,3,3
"2018-08-14",0,1,60,50
"2018-08-14",0,2,28,25
"2018-08-15",0,1,37,32
"2018-08-15",0,2,10,9
"2018-08-15",0,5,3,3
"2018-08-16",0,1,72,52
"2018-08-16",0,2,22,22
"2018-08-17",0,1,63,51
"2018-08-17",0,2,33,30
"2018-08-17",0,5,14,7
"2018-08-18",0,1,210,157
"2018-08-18",0,2,115,111
"2018-08-18",0,5,6,6
"2018-08-19",0,1,97,83
"2018-08-19",0,2,79,73
"2018-08-19",0,5,1,1
"2018-08-20",0,1,136,113
"2018-08-20",0,2,82,81
"2018-08-21",0,1,55,45
"2018-08-21",0,2,24,24
"2018-08-22",0,1,75,68
"2018-08-22",0,2,39,36
"2018-08-22",0,5,5,5
"2018-08-23",0,1,49,42
"2018-08-23",0,2,15,15
"2018-08-23",0,5,1,1
"2018-08-24",0,1,39,29
"2018-08-24",0,2,17,13
"2018-08-25",0,1,35,31
"2018-08-25",0,2,32,27
"2018-08-25",0,5,5,3
"2018-08-26",0,1,41,31
"2018-08-26",0,2,33,24
"2018-08-26",0,5,18,3
"2018-08-27",0,1,64,55
"2018-08-27",0,2,51,47
"2018-08-27",0,5,4,4
"2018-08-28",0,1,55,48
"2018-08-28",0,2,48,44
"2018-08-28",0,5,1,1
"2018-08-29",0,1,47,41
"2018-08-29",0,2,31,31
"2018-08-29",0,5,2,1
"2018-08-30",0,1,38,35
"2018-08-30",0,2,32,30
"2018-08-31",0,1,29,26
"2018-08-31",0,2,31,30
"2018-08-31",0,5,5,3
"2018-09-01",0,1,25,22
"2018-09-01",0,2,36,33
"2018-09-01",0,5,4,1
"2018-09-02",0,1,26,23
"2018-09-02",0,2,16,13
"2018-09-02",0,5,3,3
"2018-09-03",0,1,59,46
"2018-09-03",0,2,17,13
"2018-09-03",0,5,3,2
"2018-09-04",0,1,25,20
"2018-09-04",0,2,9,7
"2018-09-04",0,5,1,1
"2018-09-05",0,1,38,36
"2018-09-05",0,2,8,8
"2018-09-05",0,5,2,1
"2018-09-06",0,1,75,63
"2018-09-06",0,2,29,25
"2018-09-06",0,5,3,3
"2018-09-07",0,1,21,16
"2018-09-07",0,2,10,9
"2018-09-07",0,5,1,1
"2018-09-08",0,1,37,35
"2018-09-08",0,2,22,17
"2018-09-09",0,1,32,23
"2018-09-09",0,2,24,21
"2018-09-09",0,5,1,1
"2018-09-10",0,1,39,30
"2018-09-10",0,2,17,15
"2018-09-10",0,5,5,4
"2018-09-11",0,1,33,29
"2018-09-11",0,2,18,17
"2018-09-11",0,5,2,2
"2018-09-12",0,1,18,16
"2018-09-12",0,2,10,8
"2018-09-12",0,5,7,5
"2018-09-13",0,1,21,19
"2018-09-13",0,2,8,8
"2018-09-13",0,5,3,3
"2018-09-14",0,1,14,12
"2018-09-14",0,2,6,6
"2018-09-15",0,1,27,23
"2018-09-15",0,2,12,10
"2018-09-15",0,5,1,1
"2018-09-16",0,1,14,11
"2018-09-16",0,2,8,6
"2018-09-16",0,5,2,1
"2018-09-17",0,1,39,26
"2018-09-17",0,2,12,9
"2018-09-17",0,5,1,1
"2018-09-18",0,1,72,56
"2018-09-18",0,2,20,19
"2018-09-18",0,5,2,2
"2018-09-19",0,1,28,26
"2018-09-19",0,2,12,12
"2018-09-19",0,5,3,3
"2018-09-20",0,1,47,43
"2018-09-20",0,2,18,17
"2018-09-21",0,1,44,36
"2018-09-21",0,2,27,27
"2018-09-21",0,5,5,4
"2018-09-22",0,1,13,13
"2018-09-22",0,2,11,11
"2018-09-22",0,5,1,1
"2018-09-23",0,1,42,34
"2018-09-23",0,2,27,24
"2018-09-23",0,5,5,1
"2018-09-24",0,1,33,29
"2018-09-24",0,2,27,21
"2018-09-24",0,5,4,4
"2018-09-25",0,1,53,47
"2018-09-25",0,2,24,23
"2018-09-25",0,5,4,3
"2018-09-26",0,1,20,19
"2018-09-26",0,2,11,11
"2018-09-26",0,5,2,2
"2018-09-27",0,1,48,44
"2018-09-27",0,2,34,33
"2018-09-27",0,5,1,1
"2018-09-28",0,1,29,24
"2018-09-28",0,2,24,21
"2018-09-28",0,5,2,1
"2018-09-29",0,1,62,52
"2018-09-29",0,2,38,35
"2018-09-29",0,5,2,2
"2018-09-30",0,1,43,40
"2018-09-30",0,2,43,43
"2018-09-30",0,5,2,2
"2018-10-01",0,1,20,15
"2018-10-01",0,2,15,15
"2018-10-01",0,5,1,1
"2018-10-02",0,1,37,34
"2018-10-02",0,2,17,17
"2018-10-02",0,5,7,6
"2018-10-03",0,1,30,26
"2018-10-03",0,2,22,22
"2018-10-03",0,5,8,5
"2018-10-04",0,1,28,26
"2018-10-04",0,2,14,12
"2018-10-04",0,5,6,3
"2018-10-05",0,1,14,13
"2018-10-05",0,2,10,10
"2018-10-05",0,5,3,2
"2018-10-06",0,1,26,23
"2018-10-06",0,2,45,43
"2018-10-06",0,5,1,1
"2018-10-07",0,1,24,19
"2018-10-07",0,2,8,7
"2018-10-07",0,5,16,2
"2018-10-08",0,1,75,59
"2018-10-08",0,2,30,28
"2018-10-08",0,5,1,1
"2018-10-09",0,1,44,35
"2018-10-09",0,2,21,21
"2018-10-09",0,5,3,3
"2018-10-10",0,1,39,38
"2018-10-10",0,2,15,12
"2018-10-10",0,5,4,4
"2018-10-11",0,1,30,26
"2018-10-11",0,2,13,12
"2018-10-11",0,5,1,1
"2018-10-12",0,1,79,69
"2018-10-12",0,2,31,29
"2018-10-12",0,5,4,4
"2018-10-13",0,1,20,16
"2018-10-13",0,2,9,9
"2018-10-14",0,1,30,24
"2018-10-14",0,2,28,27
"2018-10-14",0,5,3,3
"2018-10-15",0,1,42,32
"2018-10-15",0,2,12,12
"2018-10-16",0,1,20,17
"2018-10-16",0,2,6,6
"2018-10-16",0,5,1,1
"2018-10-17",0,1,50,39
"2018-10-17",0,2,11,10
"2018-10-17",0,5,4,1
"2018-10-18",0,1,18,15
"2018-10-18",0,2,7,6
"2018-10-18",0,5,1,1
"2018-10-19",0,1,21,18
"2018-10-19",0,2,11,11
"2018-10-19",0,5,1,1
"2018-10-20",0,1,17,16
"2018-10-20",0,2,8,7
"2018-10-20",0,5,2,2
"2018-10-21",0,1,15,13
"2018-10-21",0,2,16,14
"2018-10-21",0,5,4,3
"2018-10-22",0,1,15,13
"2018-10-22",0,2,9,8
"2018-10-23",0,1,22,17
"2018-10-23",0,2,5,5
"2018-10-23",0,5,1,1
"2018-10-24",0,1,21,17
"2018-10-24",0,2,13,10
"2018-10-25",0,1,17,15
"2018-10-25",0,2,11,10
"2018-10-25",0,5,3,2
"2018-10-26",0,1,24,16
"2018-10-26",0,2,9,7
"2018-10-26",0,5,3,2
"2018-10-27",0,1,19,17
"2018-10-27",0,2,10,10
"2018-10-27",0,5,3,2
"2018-10-28",0,1,18,14
"2018-10-28",0,2,6,5
"2018-10-29",0,1,20,18
"2018-10-29",0,2,8,7
"2018-10-29",0,5,3,1
"2018-10-30",0,1,32,24
"2018-10-30",0,2,13,9
"2018-10-30",0,5,2,2
"2018-10-31",0,1,37,31
"2018-10-31",0,2,24,21
"2018-10-31",0,5,1,1
"2018-11-01",0,1,21,17
"2018-11-01",0,2,7,5
"2018-11-01",0,5,6,2
"2018-11-02",0,1,36,31
"2018-11-02",0,2,21,19
"2018-11-02",0,5,5,3
"2018-11-03",0,1,16,13
"2018-11-03",0,2,8,7
"2018-11-03",0,5,1,1
"2018-11-04",0,1,18,5
"2018-11-04",0,2,9,8
"2018-11-04",0,5,6,5
"2018-11-05",0,1,20,15
"2018-11-05",0,2,4,4
"2018-11-06",0,1,20,19
"2018-11-06",0,2,10,9
"2018-11-06",0,5,3,3
"2018-11-07",0,1,21,19
"2018-11-07",0,2,7,7
"2018-11-07",0,5,1,1
"2018-11-08",0,1,21,18
"2018-11-08",0,2,8,8
"2018-11-08",0,5,1,1
"2018-11-09",0,1,39,34
"2018-11-09",0,2,19,17
"2018-11-09",0,5,4,4
"2018-11-10",0,1,23,20
"2018-11-10",0,2,12,12
"2018-11-10",0,5,1,1
"2018-11-11",0,1,25,21
"2018-11-11",0,2,13,13
"2018-11-11",0,5,1,1
"2018-11-12",0,1,27,20
"2018-11-12",0,2,16,13
"2018-11-12",0,5,1,1
"2018-11-13",0,1,54,39
"2018-11-13",0,2,25,23
"2018-11-13",0,5,5,4
"2018-11-14",0,1,56,45
"2018-11-14",0,2,25,22
"2018-11-15",0,1,49,39
"2018-11-15",0,2,8,7
"2018-11-16",0,1,31,23
"2018-11-16",0,2,24,20
"2018-11-16",0,5,3,2
"2018-11-17",0,1,27,22
"2018-11-17",0,2,16,15
"2018-11-17",0,5,2,2
"2018-11-18",0,1,117,95
"2018-11-18",0,2,70,61
"2018-11-18",0,5,6,5
"2018-11-19",0,1,65,41
"2018-11-19",0,2,24,19
"2018-11-19",0,5,2,2
"2018-11-20",0,1,63,47
"2018-11-20",0,2,28,28
"2018-11-20",0,5,4,4
"2018-11-21",0,1,52,43
"2018-11-21",0,2,15,14
"2018-11-21",0,5,4,2
"2018-11-22",0,1,29,25
"2018-11-22",0,2,12,12
"2018-11-22",0,5,4,4
"2018-11-23",0,1,36,34
"2018-11-23",0,2,27,26
"2018-11-23",0,5,4,3
"2018-11-24",0,1,36,27
"2018-11-24",0,2,20,19
"2018-11-25",0,1,42,36
"2018-11-25",0,2,22,22
"2018-11-25",0,5,1,1
"2018-11-26",0,1,41,37
"2018-11-26",0,2,21,18
"2018-11-26",0,5,1,1
"2018-11-27",0,1,24,21
"2018-11-27",0,2,24,22
"2018-11-27",0,5,1,1
"2018-11-28",0,1,26,23
"2018-11-28",0,2,11,10
"2018-11-28",0,5,3,3
"2018-11-29",0,1,46,41
"2018-11-29",0,2,27,25
"2018-11-29",0,5,4,3
"2018-11-30",0,1,95,71
"2018-11-30",0,2,41,40
"2018-11-30",0,5,8,6
"2018-12-01",0,1,65,53
"2018-12-01",0,2,28,28
"2018-12-01",0,5,2,2
"2018-12-02",0,1,27,25
"2018-12-02",0,2,19,18
"2018-12-02",0,5,2,2
"2018-12-03",0,1,25,18
"2018-12-03",0,2,9,9
"2018-12-03",0,5,1,1
"2018-12-04",0,1,19,17
"2018-12-04",0,2,10,9
"2018-12-04",0,5,5,4
"2018-12-05",0,1,23,19
"2018-12-05",0,2,12,12
"2018-12-06",0,1,36,28
"2018-12-06",0,2,9,9
"2018-12-06",0,5,2,2
"2018-12-07",0,1,49,35
"2018-12-07",0,2,15,13
"2018-12-07",0,5,1,1
"2018-12-08",0,1,16,11
"2018-12-08",0,2,12,8
"2018-12-08",0,5,1,1
"2018-12-09",0,1,16,12
"2018-12-09",0,2,6,6
"2018-12-10",0,1,18,18
"2018-12-10",0,2,8,8
"2018-12-11",0,1,18,14
"2018-12-11",0,2,10,9
"2018-12-12",0,1,23,21
"2018-12-12",0,2,6,5
"2018-12-12",0,5,2,2
"2018-12-13",0,1,44,28
"2018-12-13",0,2,15,14
"2018-12-13",0,5,5,4
"2018-12-14",0,1,15,14
"2018-12-14",0,2,4,4
"2018-12-14",0,5,2,2
"2018-12-15",0,1,41,33
"2018-12-15",0,2,12,10
"2018-12-15",0,5,2,2
"2018-12-16",0,1,29,25
"2018-12-16",0,2,14,11
"2018-12-16",0,5,1,1
"2018-12-17",0,1,51,39
"2018-12-17",0,2,14,13
"2018-12-17",0,5,2,1
"2018-12-18",0,1,26,21
"2018-12-18",0,2,14,13
"2018-12-18",0,5,1,1
"2018-12-19",0,1,37,31
"2018-12-19",0,2,21,18
"2018-12-19",0,5,4,4
"2018-12-20",0,1,28,22
"2018-12-20",0,2,15,14
"2018-12-21",0,1,12,10
"2018-12-21",0,2,11,10
"2018-12-21",0,5,1,1
"2018-12-22",0,1,23,19
"2018-12-22",0,2,13,11
"2018-12-22",0,5,2,2
"2018-12-23",0,1,13,13
"2018-12-23",0,2,10,10
"2018-12-23",0,5,3,3
"2018-12-24",0,1,41,29
"2018-12-24",0,2,21,16
"2018-12-24",0,5,2,2
"2018-12-25",0,1,26,21
"2018-12-25",0,2,19,18
"2018-12-25",0,5,3,2
"2018-12-26",0,1,35,32
"2018-12-26",0,2,20,18
"2018-12-26",0,5,6,5
"2018-12-27",0,1,28,24
"2018-12-27",0,2,7,7
"2018-12-27",0,5,1,1
"2018-12-28",0,1,159,116
"2018-12-28",0,2,81,76
"2018-12-28",0,5,5,3
"2018-12-29",0,1,98,75
"2018-12-29",0,2,60,57
"2018-12-29",0,5,1,1
"2018-12-30",0,1,34,26
"2018-12-30",0,2,8,8
"2018-12-31",0,1,28,26
"2018-12-31",0,2,8,8
"2019-01-01",0,1,23,19
"2019-01-01",0,2,20,17
"2019-01-01",0,5,1,1
"2019-01-02",0,1,50,37
"2019-01-02",0,2,13,12
"2019-01-02",0,5,4,3
"2019-01-03",0,1,35,29
"2019-01-03",0,2,27,25
"2019-01-03",0,5,1,1
"2019-01-04",0,1,49,38
"2019-01-04",0,2,23,21
"2019-01-04",0,5,1,1
"2019-01-05",0,1,102,86
"2019-01-05",0,2,32,29
"2019-01-05",0,5,7,5
"2019-01-06",0,1,18,15
"2019-01-06",0,2,16,14
"2019-01-06",0,5,2,2
"2019-01-07",0,1,35,27
"2019-01-07",0,2,9,9
"2019-01-07",0,5,2,2
"2019-01-08",0,1,18,15
"2019-01-08",0,2,13,10
"2019-01-08",0,5,1,1
"2019-01-09",0,1,24,17
"2019-01-09",0,2,15,14
"2019-01-10",0,1,8,7
"2019-01-10",0,2,5,5
"2019-01-10",0,5,2,2
"2019-01-11",0,1,10,10
"2019-01-11",0,2,5,5
"2019-01-11",0,5,2,1
"2019-01-12",0,1,9,7
"2019-01-12",0,2,10,8
"2019-01-12",0,5,3,1
"2019-01-13",0,1,6,6
"2019-01-13",0,2,6,6
"2019-01-13",0,5,1,1
"2019-01-14",0,1,39,24
"2019-01-14",0,2,10,9
"2019-01-14",0,5,4,4
"2019-01-15",0,1,17,16
"2019-01-15",0,2,10,10
"2019-01-15",0,5,4,4
"2019-01-16",0,1,36,29
"2019-01-16",0,2,14,13
"2019-01-16",0,5,3,3
"2019-01-17",0,1,11,11
"2019-01-17",0,2,4,4
"2019-01-17",0,5,2,2
"2019-01-18",0,1,25,17
"2019-01-18",0,2,11,10
"2019-01-18",0,5,2,2
"2019-01-19",0,1,19,17
"2019-01-19",0,2,8,8
"2019-01-19",0,5,2,2
"2019-01-20",0,1,27,25
"2019-01-20",0,2,16,14
"2019-01-20",0,5,1,1
"2019-01-21",0,1,47,40
"2019-01-21",0,2,11,11
"2019-01-21",0,5,2,1
"2019-01-22",0,1,43,26
"2019-01-22",0,2,9,9
"2019-01-23",0,1,31,21
"2019-01-23",0,2,10,9
"2019-01-23",0,5,3,2
"2019-01-24",0,1,40,38
"2019-01-24",0,2,18,17
"2019-01-24",0,5,5,4
"2019-01-25",0,1,27,22
"2019-01-25",0,2,10,10
"2019-01-25",0,5,1,1
"2019-01-26",0,1,12,12
"2019-01-26",0,2,10,10
"2019-01-27",0,1,26,20
"2019-01-27",0,2,7,6
"2019-01-27",0,5,3,2
"2019-01-28",0,1,27,14
"2019-01-28",0,2,7,6
"2019-01-29",0,1,32,24
"2019-01-29",0,2,9,8
"2019-01-29",0,5,1,1
"2019-01-30",0,1,24,19
"2019-01-30",0,2,10,9
"2019-01-30",0,5,3,2
"2019-01-31",0,1,29,22
"2019-01-31",0,2,20,17
"2019-02-01",0,1,26,21
"2019-02-01",0,2,19,16
"2019-02-01",0,5,3,2
"2019-02-02",0,1,15,11
"2019-02-02",0,2,17,16
"2019-02-02",0,5,1,1
"2019-02-03",0,1,14,14
"2019-02-03",0,2,15,15
"2019-02-03",0,5,1,1
"2019-02-04",0,1,3,3
"2019-02-04",0,2,2,2
"2019-02-05",0,1,14,13
"2019-02-05",0,2,7,7
"2019-02-05",0,5,1,1
"2019-02-06",0,1,10,10
"2019-02-06",0,2,6,6
"2019-02-06",0,5,1,1
"2019-02-07",0,1,9,5
"2019-02-07",0,2,8,6
"2019-02-07",0,5,1,1
"2019-02-08",0,1,4,4
"2019-02-08",0,2,1,1
"2019-02-08",0,5,1,1
"2019-02-09",0,1,17,16
"2019-02-09",0,2,17,15
"2019-02-09",0,5,4,4
"2019-02-10",0,1,25,21
"2019-02-10",0,2,14,12
"2019-02-10",0,5,1,1
"2019-02-11",0,1,40,31
"2019-02-11",0,2,15,13
"2019-02-11",0,5,1,1
"2019-02-12",0,1,26,17
"2019-02-12",0,2,9,8
"2019-02-12",0,5,1,1
"2019-02-13",0,1,18,14
"2019-02-13",0,2,12,9
"2019-02-13",0,5,1,1
"2019-02-14",0,1,41,28
"2019-02-14",0,2,9,7
"2019-02-14",0,5,1,1
"2019-02-15",0,1,25,18
"2019-02-15",0,2,19,17
"2019-02-15",0,5,1,1
"2019-02-16",0,1,30,25
"2019-02-16",0,2,13,11
"2019-02-17",0,1,29,26
"2019-02-17",0,2,19,16
"2019-02-17",0,5,1,1
"2019-02-18",0,1,19,13
"2019-02-18",0,2,4,4
"2019-02-19",0,1,39,25
"2019-02-19",0,2,16,15
"2019-02-19",0,5,2,2
"2019-02-20",0,1,33,25
"2019-02-20",0,2,15,14
"2019-02-20",0,5,7,5
"2019-02-21",0,1,23,21
"2019-02-21",0,2,18,17
"2019-02-21",0,5,3,2
"2019-02-22",0,1,18,18
"2019-02-22",0,2,8,6
"2019-02-22",0,5,1,1
"2019-02-23",0,1,15,11
"2019-02-23",0,2,8,6
"2019-02-23",0,5,2,1
"2019-02-24",0,1,14,7
"2019-02-24",0,2,8,8
"2019-02-25",0,1,37,29
"2019-02-25",0,2,14,14
"2019-02-25",0,5,1,1
"2019-02-26",0,1,29,26
"2019-02-26",0,2,9,9
"2019-02-26",0,5,1,1
"2019-02-27",0,1,68,52
"2019-02-27",0,2,40,35
"2019-02-27",0,5,1,1
"2019-02-28",0,1,79,71
"2019-02-28",0,2,40,31
"2019-02-28",0,5,2,2
"2019-03-01",0,1,37,29
"2019-03-01",0,2,5,5
"2019-03-01",0,5,2,2
"2019-03-02",0,1,51,43
"2019-03-02",0,2,8,8
"2019-03-02",0,5,2,2
"2019-03-03",0,1,39,35
"2019-03-03",0,2,17,15
"2019-03-03",0,5,2,2
"2019-03-04",0,1,26,22
"2019-03-04",0,2,13,12
"2019-03-05",0,1,54,46
"2019-03-05",0,2,25,24
"2019-03-05",0,5,2,2
"2019-03-06",0,1,55,51
"2019-03-06",0,2,27,27
"2019-03-06",0,5,2,2
"2019-03-07",0,1,35,32
"2019-03-07",0,2,15,12
"2019-03-07",0,5,1,1
"2019-03-08",0,1,29,27
"2019-03-08",0,2,11,11
"2019-03-08",0,5,2,2
"2019-03-09",0,1,31,26
"2019-03-09",0,2,11,11
"2019-03-09",0,5,1,1
"2019-03-10",0,1,20,19
"2019-03-10",0,2,16,14
"2019-03-10",0,5,3,3
"2019-03-11",0,1,23,17
"2019-03-11",0,2,14,13
"2019-03-11",0,5,4,2
"2019-03-12",0,1,14,13
"2019-03-12",0,2,11,11
"2019-03-12",0,5,1,1
"2019-03-13",0,1,22,19
"2019-03-13",0,2,8,8
"2019-03-13",0,5,3,3
"2019-03-14",0,1,43,32
"2019-03-14",0,2,13,13
"2019-03-15",0,1,59,52
"2019-03-15",0,2,12,11
"2019-03-15",0,5,4,3
"2019-03-16",0,1,33,24
"2019-03-16",0,2,7,7
"2019-03-16",0,5,2,2
"2019-03-17",0,1,13,11
"2019-03-17",0,2,7,5
"2019-03-18",0,1,36,30
"2019-03-18",0,2,24,23
"2019-03-19",0,1,39,34
"2019-03-19",0,2,6,6
"2019-03-19",0,5,1,1
"2019-03-20",0,1,24,20
"2019-03-20",0,2,11,11
"2019-03-20",0,5,2,2
"2019-03-21",0,1,59,51
"2019-03-21",0,2,20,19
"2019-03-22",0,1,36,28
"2019-03-22",0,2,21,16
"2019-03-23",0,1,34,30
"2019-03-23",0,2,7,6
"2019-03-23",0,5,1,1
"2019-03-24",0,1,55,43
"2019-03-24",0,2,14,14
"2019-03-24",0,5,3,2
"2019-03-25",0,1,27,24
"2019-03-25",0,2,12,5
"2019-03-25",0,5,1,1
"2019-03-26",0,1,37,31
"2019-03-26",0,2,9,8
"2019-03-26",0,5,4,4
"2019-03-27",0,1,14,13
"2019-03-27",0,2,3,3
"2019-03-28",0,1,20,16
"2019-03-28",0,2,4,4
"2019-03-29",0,1,27,22
"2019-03-29",0,2,4,4
"2019-03-29",0,5,1,1
"2019-03-30",0,1,33,31
"2019-03-30",0,2,18,17
"2019-03-30",0,5,2,2
"2019-03-31",0,1,27,22
"2019-03-31",0,2,24,23
"2019-03-31",0,5,2,1
"2019-04-01",0,1,29,22
"2019-04-01",0,2,13,10
"2019-04-01",0,5,1,1
"2019-04-02",0,1,22,18
"2019-04-02",0,2,5,5
"2019-04-02",0,5,1,1
"2019-04-03",0,1,20,18
"2019-04-03",0,2,11,11
"2019-04-03",0,5,3,1
"2019-04-04",0,1,20,20
"2019-04-04",0,2,9,8
"2019-04-04",0,5,3,3
"2019-04-05",0,1,28,22
"2019-04-05",0,2,11,11
"2019-04-05",0,5,3,2
"2019-04-06",0,1,12,11
"2019-04-06",0,2,5,4
"2019-04-06",0,5,1,1
"2019-04-07",0,1,33,29
"2019-04-07",0,2,16,16
"2019-04-07",0,5,3,2
"2019-04-08",0,1,41,35
"2019-04-08",0,2,20,15
"2019-04-08",0,5,3,2
"2019-04-09",0,1,14,12
"2019-04-09",0,2,10,8
"2019-04-09",0,5,1,1
"2019-04-10",0,1,25,24
"2019-04-10",0,2,12,10
"2019-04-10",0,5,2,2
"2019-04-11",0,1,19,18
"2019-04-11",0,2,12,12
"2019-04-11",0,5,2,2
"2019-04-12",0,1,23,22
"2019-04-12",0,2,16,15
"2019-04-12",0,5,1,1
"2019-04-13",0,1,24,21
"2019-04-13",0,2,12,11
"2019-04-13",0,5,5,2
"2019-04-14",0,1,55,44
"2019-04-14",0,2,20,20
"2019-04-14",0,5,1,1
"2019-04-15",0,1,25,20
"2019-04-15",0,2,5,5
"2019-04-16",0,1,18,16
"2019-04-16",0,2,7,6
"2019-04-17",0,1,25,20
"2019-04-17",0,2,13,12
"2019-04-17",0,5,2,1
"2019-04-18",0,1,46,37
"2019-04-18",0,2,9,9
"2019-04-19",0,1,28,25
"2019-04-19",0,2,8,6
"2019-04-20",0,1,42,41
"2019-04-20",0,2,26,24
"2019-04-20",0,5,1,1
"2019-04-21",0,1,46,40
"2019-04-21",0,2,25,24
"2019-04-21",0,5,3,2
"2019-04-22",0,1,38,35
"2019-04-22",0,2,13,12
"2019-04-23",0,1,57,43
"2019-04-23",0,2,21,21
"2019-04-23",0,5,2,2
"2019-04-24",0,1,39,34
"2019-04-24",0,2,27,23
"2019-04-24",0,5,1,1
"2019-04-25",0,1,41,32
"2019-04-25",0,2,8,7
"2019-04-26",0,1,23,19
"2019-04-26",0,2,8,8
"2019-04-26",0,5,1,1
"2019-04-27",0,1,13,13
"2019-04-27",0,2,7,7
"2019-04-28",0,1,109,98
"2019-04-28",0,2,35,30
"2019-04-28",0,5,5,5
"2019-04-29",0,1,47,36
"2019-04-29",0,2,15,15
"2019-04-29",0,5,2,2
"2019-04-30",0,1,20,20
"2019-04-30",0,2,15,13
"2019-04-30",0,5,1,1
"2019-05-01",0,1,5,3
"2019-05-01",0,2,2,2
"2019-05-02",0,1,14,13
"2019-05-02",0,2,4,3
"2019-05-03",0,1,28,25
"2019-05-03",0,2,15,12
"2019-05-03",0,5,2,1
"2019-05-04",0,1,8,8
"2019-05-04",0,5,1,1
"2019-05-05",0,1,14,14
"2019-05-05",0,2,5,5
"2019-05-05",0,5,3,2
"2019-05-06",0,1,18,15
"2019-05-06",0,2,5,5
"2019-05-06",0,5,3,2
"2019-05-07",0,1,25,18
"2019-05-07",0,2,10,10
"2019-05-07",0,5,3,2
"2019-05-08",0,1,21,18
"2019-05-08",0,2,8,8
"2019-05-08",0,5,3,1
"2019-05-09",0,1,21,18
"2019-05-09",0,2,4,4
"2019-05-10",0,1,21,17
"2019-05-10",0,2,9,7
"2019-05-10",0,5,3,3
"2019-05-11",0,1,28,23
"2019-05-11",0,2,18,17
"2019-05-11",0,5,1,1
"2019-05-12",0,1,26,20
"2019-05-12",0,2,16,15
"2019-05-13",0,1,80,64
"2019-05-13",0,2,15,13
"2019-05-13",0,5,1,1
"2019-05-14",0,1,17,16
"2019-05-14",0,2,7,7
"2019-05-14",0,5,1,1
"2019-05-15",0,1,22,17
"2019-05-15",0,2,7,7
"2019-05-16",0,1,28,21
"2019-05-16",0,2,5,4
"2019-05-16",0,5,1,1
"2019-05-17",0,1,29,21
"2019-05-17",0,2,10,9
"2019-05-18",0,1,13,12
"2019-05-18",0,2,10,10
"2019-05-19",0,1,20,17
"2019-05-19",0,2,9,8
"2019-05-19",0,5,1,1
"2019-05-20",0,1,35,26
"2019-05-20",0,2,11,10
"2019-05-20",0,5,1,1
"2019-05-21",0,1,27,24
"2019-05-21",0,2,10,9
"2019-05-21",0,5,2,2
"2019-05-22",0,1,57,38
"2019-05-22",0,2,14,14
"2019-05-22",0,5,2,2
"2019-05-23",0,1,31,24
"2019-05-23",0,2,8,8
"2019-05-23",0,5,2,2
"2019-05-24",0,1,27,21
"2019-05-24",0,2,16,15
"2019-05-24",0,5,1,1
"2019-05-25",0,1,31,28
"2019-05-25",0,2,9,9
"2019-05-26",0,1,28,19
"2019-05-26",0,2,14,10
"2019-05-26",0,5,2,2
"2019-05-27",0,1,46,30
"2019-05-27",0,2,16,15
"2019-05-27",0,5,2,2
"2019-05-28",0,1,36,19
"2019-05-28",0,2,14,14
"2019-05-28",0,5,1,1
"2019-05-29",0,1,14,12
"2019-05-29",0,2,9,9
"2019-05-29",0,5,2,2
"2019-05-30",0,1,20,13
"2019-05-30",0,2,8,8
"2019-05-30",0,5,2,2
"2019-05-31",0,1,31,24
"2019-05-31",0,2,13,11
"2019-05-31",0,5,7,5
"2019-06-01",0,1,29,23
"2019-06-01",0,2,11,10
"2019-06-01",0,5,2,1
"2019-06-02",0,1,19,16
"2019-06-02",0,2,9,7
"2019-06-03",0,1,32,26
"2019-06-03",0,2,8,7
"2019-06-03",0,5,3,3
"2019-06-04",0,1,45,35
"2019-06-04",0,2,11,10
"2019-06-04",0,5,4,4
"2019-06-05",0,1,29,14
"2019-06-05",0,2,9,7
"2019-06-05",0,5,2,2
"2019-06-06",0,1,38,27
"2019-06-06",0,2,5,5
"2019-06-06",0,5,1,1
"2019-06-07",0,1,1,1
"2019-06-07",0,2,1,1
"2019-06-07",0,5,1,1
"2019-06-08",0,1,38,27
"2019-06-08",0,2,13,13
"2019-06-08",0,5,21,4
"2019-06-09",0,1,33,29
"2019-06-09",0,2,13,13
"2019-06-09",0,5,2,2
"2019-06-10",0,1,28,18
"2019-06-10",0,2,15,12
"2019-06-10",0,5,1,1
"2019-06-11",0,1,11,9
"2019-06-11",0,2,6,6
"2019-06-11",0,5,1,1
"2019-06-12",0,1,72,46
"2019-06-12",0,2,17,17
"2019-06-12",0,5,1,1
"2019-06-13",0,1,36,29
"2019-06-13",0,2,11,11
"2019-06-13",0,5,2,2
"2019-06-14",0,1,26,17
"2019-06-14",0,2,9,9
"2019-06-14",0,5,1,1
"2019-06-15",0,1,14,12
"2019-06-15",0,2,6,6
"2019-06-15",0,5,1,1
"2019-06-16",0,1,23,18
"2019-06-16",0,2,5,3
"2019-06-17",0,1,22,18
"2019-06-17",0,2,13,11
"2019-06-18",0,1,37,32
"2019-06-18",0,2,14,12
"2019-06-18",0,5,3,3
"2019-06-19",0,1,33,28
"2019-06-19",0,2,11,10
"2019-06-20",0,1,27,25
"2019-06-20",0,2,21,20
"2019-06-20",0,5,1,1
"2019-06-21",0,1,16,15
"2019-06-21",0,2,3,3
"2019-06-21",0,5,1,1
"2019-06-22",0,1,27,24
"2019-06-22",0,2,23,21
"2019-06-22",0,5,2,2
"2019-06-23",0,1,11,10
"2019-06-23",0,2,16,14
"2019-06-23",0,5,1,1
"2019-06-24",0,1,20,18
"2019-06-24",0,2,6,6
"2019-06-24",0,5,1,1
"2019-06-25",0,1,41,35
"2019-06-25",0,2,16,16
"2019-06-25",0,5,3,3
"2019-06-26",0,1,23,17
"2019-06-26",0,2,9,9
"2019-06-26",0,5,2,2
"2019-06-27",0,1,14,9
"2019-06-27",0,2,5,5
"2019-06-27",0,5,1,1
"2019-06-28",0,1,15,11
"2019-06-28",0,2,6,6
"2019-06-29",0,1,10,8
"2019-06-29",0,2,10,8
"2019-06-29",0,5,1,1
"2019-06-30",0,1,11,10
"2019-06-30",0,2,12,10
"2019-07-01",0,1,23,15
"2019-07-01",0,2,4,4
"2019-07-02",0,1,28,17
"2019-07-02",0,2,4,4
"2019-07-03",0,1,18,17
"2019-07-03",0,2,8,8
"2019-07-03",0,5,1,1
"2019-07-04",0,1,25,20
"2019-07-04",0,2,13,12
"2019-07-05",0,1,57,45
"2019-07-05",0,2,14,14
"2019-07-05",0,5,2,2
"2019-07-06",0,1,19,17
"2019-07-06",0,2,17,14
"2019-07-07",0,1,12,12
"2019-07-07",0,2,8,7
"2019-07-07",0,5,3,3
"2019-07-08",0,1,23,17
"2019-07-08",0,2,8,7
"2019-07-08",0,5,1,1
"2019-07-09",0,1,26,18
"2019-07-09",0,2,4,4
"2019-07-10",0,1,61,48
"2019-07-10",0,2,20,18
"2019-07-10",0,5,2,2
"2019-07-11",0,1,33,26
"2019-07-11",0,2,14,13
"2019-07-11",0,5,2,2
"2019-07-12",0,1,21,15
"2019-07-12",0,2,9,9
"2019-07-12",0,5,1,1
"2019-07-13",0,1,22,16
"2019-07-13",0,2,17,13
"2019-07-14",0,1,35,26
"2019-07-14",0,2,11,8
"2019-07-15",0,1,33,19
"2019-07-15",0,2,6,6
"2019-07-16",0,1,34,27
"2019-07-16",0,2,11,9
"2019-07-16",0,5,4,2
"2019-07-17",0,1,20,14
"2019-07-17",0,2,3,3
"2019-07-18",0,1,9,7
"2019-07-18",0,2,5,5
"2019-07-18",0,5,4,2
"2019-07-19",0,1,24,18
"2019-07-19",0,2,8,8
"2019-07-19",0,5,1,1
"2019-07-20",0,1,15,11
"2019-07-20",0,2,11,9
"2019-07-20",0,5,2,2
"2019-07-21",0,1,14,10
"2019-07-21",0,2,6,5
"2019-07-21",0,5,1,1
"2019-07-22",0,1,21,15
"2019-07-22",0,2,15,13
"2019-07-22",0,5,1,1
"2019-07-23",0,1,21,15
"2019-07-23",0,2,2,2
"2019-07-24",0,1,20,16
"2019-07-24",0,2,6,5
"2019-07-24",0,5,1,1
"2019-07-25",0,1,16,10
"2019-07-25",0,2,2,2
"2019-07-26",0,1,32,21
"2019-07-26",0,2,13,12
"2019-07-27",0,1,34,23
"2019-07-27",0,2,15,13
"2019-07-27",0,5,3,2
"2019-07-28",0,1,8,7
"2019-07-28",0,2,12,9
"2019-07-29",0,1,15,10
"2019-07-29",0,2,2,2
"2019-07-30",0,1,63,51
"2019-07-30",0,2,12,12
"2019-07-30",0,5,1,1
"2019-07-31",0,1,28,24
"2019-07-31",0,2,6,5
"2019-08-01",0,1,23,17
"2019-08-01",0,2,11,10
"2019-08-02",0,1,25,16
"2019-08-02",0,2,6,6
"2019-08-02",0,5,1,1
"2019-08-03",0,1,18,14
"2019-08-03",0,2,4,4
"2019-08-04",0,1,74,66
"2019-08-04",0,2,29,26
"2019-08-04",0,5,1,1
"2019-08-05",0,1,66,41
"2019-08-05",0,2,19,17
"2019-08-05",0,5,3,3
"2019-08-06",0,1,32,26
"2019-08-06",0,2,16,15
"2019-08-06",0,5,2,2
"2019-08-07",0,1,21,15
"2019-08-07",0,2,7,7
"2019-08-08",0,1,47,36
"2019-08-08",0,2,9,8
"2019-08-09",0,1,31,23
"2019-08-09",0,2,16,14
"2019-08-10",0,1,35,32
"2019-08-10",0,2,16,16
"2019-08-11",0,1,15,12
"2019-08-11",0,2,13,13
"2019-08-12",0,1,40,21
"2019-08-12",0,2,5,5
"2019-08-13",0,1,27,22
"2019-08-13",0,2,5,5
"2019-08-14",0,1,20,17
"2019-08-14",0,2,3,3
"2019-08-15",0,1,24,17
"2019-08-15",0,2,3,2
"2019-08-16",0,1,19,12
"2019-08-16",0,2,9,9
"2019-08-17",0,1,19,17
"2019-08-17",0,2,7,7
"2019-08-17",0,5,2,2
"2019-08-18",0,1,33,31
"2019-08-18",0,2,13,11
"2019-08-18",0,5,1,1
"2019-08-19",0,1,44,30
"2019-08-19",0,2,11,10
"2019-08-20",0,1,31,24
"2019-08-20",0,2,11,10
"2019-08-20",0,5,2,2
"2019-08-21",0,1,23,20
"2019-08-21",0,2,11,10
"2019-08-21",0,5,3,3
"2019-08-22",0,1,17,13
"2019-08-22",0,2,4,3
"2019-08-22",0,5,2,2
"2019-08-23",0,1,22,16
"2019-08-23",0,2,5,4
"2019-08-24",0,1,21,17
"2019-08-24",0,2,7,7
"2019-08-24",0,5,2,2
"2019-08-25",0,1,20,13
"2019-08-25",0,2,5,5
"2019-08-26",0,1,44,35
"2019-08-26",0,2,10,10
"2019-08-26",0,5,3,3
"2019-08-27",0,1,19,16
"2019-08-27",0,2,14,12
"2019-08-28",0,1,20,16
"2019-08-28",0,2,10,8
"2019-08-28",0,5,1,1
"2019-08-29",0,1,11,9
"2019-08-29",0,2,7,6
"2019-08-29",0,5,2,2
"2019-08-30",0,1,17,10
"2019-08-30",0,2,4,4
"2019-08-30",0,5,1,1
"2019-08-31",0,1,27,22
"2019-08-31",0,2,16,13
"2019-08-31",0,5,2,2
"2019-09-01",0,1,26,20
"2019-09-01",0,2,5,5
"2019-09-01",0,5,2,1
"2019-09-02",0,1,40,32
"2019-09-02",0,2,7,7
"2019-09-02",0,5,1,1
"2019-09-03",0,1,30,22
"2019-09-03",0,2,6,6
"2019-09-03",0,5,1,1
"2019-09-04",0,1,46,34
"2019-09-04",0,2,9,9
"2019-09-04",0,5,2,2
"2019-09-05",0,1,33,24
"2019-09-05",0,2,16,16
"2019-09-05",0,5,3,2
"2019-09-06",0,1,36,28
"2019-09-06",0,2,6,5
"2019-09-06",0,5,4,3
"2019-09-07",0,1,16,13
"2019-09-07",0,2,15,12
"2019-09-08",0,1,44,33
"2019-09-08",0,2,9,8
"2019-09-08",0,5,1,1
"2019-09-09",0,1,15,10
"2019-09-09",0,2,2,2
"2019-09-09",0,5,2,2
"2019-09-10",0,1,19,16
"2019-09-10",0,2,7,7
"2019-09-11",0,1,32,27
"2019-09-11",0,2,11,10
"2019-09-12",0,1,19,13
"2019-09-12",0,2,3,3
"2019-09-13",0,1,1,1
"2019-09-13",0,2,1,1
"2019-09-14",0,1,30,21
"2019-09-14",0,2,9,9
"2019-09-15",0,1,18,17
"2019-09-15",0,2,7,7
"2019-09-15",0,5,2,2
"2019-09-16",0,1,30,23
"2019-09-16",0,2,12,12
"2019-09-16",0,5,2,2
"2019-09-17",0,1,25,20
"2019-09-17",0,2,3,3
"2019-09-18",0,1,12,9
"2019-09-18",0,2,2,2
"2019-09-18",0,5,2,1
"2019-09-19",0,1,40,34
"2019-09-19",0,2,21,20
"2019-09-19",0,5,1,1
"2019-09-20",0,1,31,24
"2019-09-20",0,2,11,10
"2019-09-21",0,1,29,26
"2019-09-21",0,2,33,31
"2019-09-21",0,5,5,3
"2019-09-22",0,1,18,17
"2019-09-22",0,2,13,11
"2019-09-23",0,1,37,28
"2019-09-23",0,2,5,5
"2019-09-23",0,5,1,1
"2019-09-24",0,1,18,15
"2019-09-24",0,2,6,6
"2019-09-25",0,1,22,17
"2019-09-25",0,2,1,1
"2019-09-26",0,1,13,10
"2019-09-26",0,2,3,3
"2019-09-27",0,1,27,22
"2019-09-27",0,2,7,7
"2019-09-27",0,5,1,1
"2019-09-28",0,1,11,10
"2019-09-28",0,2,4,3
"2019-09-29",0,1,27,26
"2019-09-29",0,2,12,12
"2019-09-30",0,1,14,13
"2019-09-30",0,2,7,7
"2019-10-01",0,5,1,1
"2019-10-02",0,1,13,10
"2019-10-02",0,2,2,2
"2019-10-03",0,1,7,7
"2019-10-03",0,2,1,1
"2019-10-04",0,1,5,5
"2019-10-04",0,2,1,1
"2019-10-05",0,1,10,7
"2019-10-05",0,5,1,1
"2019-10-06",0,1,16,14
"2019-10-06",0,2,4,4
"2019-10-06",0,5,1,1
"2019-10-07",0,1,12,12
"2019-10-07",0,2,8,8
"2019-10-07",0,5,1,1
"2019-10-08",0,1,36,20
"2019-10-08",0,2,8,7
"2019-10-08",0,5,1,1
"2019-10-09",0,1,65,50
"2019-10-09",0,2,12,11
"2019-10-09",0,5,4,4
"2019-10-10",0,1,44,32
"2019-10-10",0,2,10,10
"2019-10-10",0,5,4,4
"2019-10-11",0,1,38,30
"2019-10-11",0,2,17,17
"2019-10-11",0,5,3,3
"2019-10-12",0,1,24,19
"2019-10-12",0,2,11,10
"2019-10-12",0,5,2,2
"2019-10-13",0,1,15,14
"2019-10-13",0,2,13,10
"2019-10-14",0,1,25,16
"2019-10-14",0,2,9,9
"2019-10-15",0,1,18,10
"2019-10-15",0,2,1,1
"2019-10-16",0,1,14,10
"2019-10-16",0,2,3,3
"2019-10-17",0,1,20,16
"2019-10-17",0,2,10,8
"2019-10-18",0,1,38,19
"2019-10-18",0,2,14,13
"2019-10-18",0,5,1,1
"2019-10-19",0,1,40,33
"2019-10-19",0,2,10,9
"2019-10-19",0,5,2,2
"2019-10-20",0,1,36,30
"2019-10-20",0,2,21,19
"2019-10-21",0,1,46,36
"2019-10-21",0,2,23,20
"2019-10-21",0,5,1,1
"2019-10-22",0,1,23,15
"2019-10-22",0,2,1,1
"2019-10-22",0,5,1,1
"2019-10-23",0,1,31,24
"2019-10-23",0,2,2,2
"2019-10-24",0,1,39,23
"2019-10-24",0,2,6,6
"2019-10-25",0,1,45,33
"2019-10-25",0,2,11,10
"2019-10-26",0,1,36,32
"2019-10-26",0,2,7,6
"2019-10-26",0,5,3,3
"2019-10-27",0,1,30,27
"2019-10-27",0,2,17,16
"2019-10-27",0,5,2,2
"2019-10-28",0,1,28,22
"2019-10-28",0,2,6,6
"2019-10-28",0,5,2,1
"2019-10-29",0,1,19,16
"2019-10-29",0,2,7,5
"2019-10-30",0,1,17,13
"2019-10-30",0,2,2,2
"2019-10-30",0,5,1,1
"2019-10-31",0,1,17,13
"2019-10-31",0,2,5,5
"2019-10-31",0,5,1,1
"2019-11-01",0,1,16,11
"2019-11-01",0,2,5,4
"2019-11-02",0,1,14,14
"2019-11-02",0,2,13,12
"2019-11-03",0,1,50,41
"2019-11-03",0,2,15,15
"2019-11-03",0,5,1,1
"2019-11-04",0,1,40,31
"2019-11-04",0,2,7,7
"2019-11-04",0,5,2,2
"2019-11-05",0,1,31,27
"2019-11-05",0,2,15,12
"2019-11-05",0,5,1,1
"2019-11-06",0,1,39,30
"2019-11-06",0,2,10,9
"2019-11-06",0,5,1,1
"2019-11-07",0,1,6,5
"2019-11-07",0,2,2,2
"2019-11-07",0,5,1,1
"2019-11-08",0,1,27,17
"2019-11-08",0,2,12,12
"2019-11-08",0,5,1,1
"2019-11-09",0,1,13,12
"2019-11-09",0,2,8,7
"2019-11-09",0,5,1,1
"2019-11-10",0,1,47,40
"2019-11-10",0,2,21,19
"2019-11-11",0,1,40,28
"2019-11-11",0,2,4,3
"2019-11-12",0,1,17,13
"2019-11-12",0,2,8,8
"2019-11-13",0,1,22,19
"2019-11-13",0,2,9,9
"2019-11-14",0,1,33,21
"2019-11-14",0,2,15,12
"2019-11-14",0,5,2,2
"2019-11-15",0,1,38,29
"2019-11-15",0,2,3,3
"2019-11-15",0,5,4,3
"2019-11-16",0,1,81,68
"2019-11-16",0,2,19,19
"2019-11-16",0,5,1,1
"2019-11-17",0,1,41,32
"2019-11-17",0,2,12,12
"2019-11-17",0,5,1,1
"2019-11-18",0,1,26,21
"2019-11-18",0,2,6,6
"2019-11-19",0,1,29,25
"2019-11-19",0,2,6,6
"2019-11-19",0,5,2,2
"2019-11-20",0,1,24,18
"2019-11-20",0,2,10,10
"2019-11-21",0,1,22,20
"2019-11-21",0,2,3,3
"2019-11-21",0,5,1,1
"2019-11-22",0,1,17,12
"2019-11-22",0,2,14,12
"2019-11-23",0,1,37,34
"2019-11-23",0,2,29,28
"2019-11-23",0,5,2,2
"2019-11-24",0,1,64,55
"2019-11-24",0,2,17,16
"2019-11-24",0,5,2,2
"2019-11-25",0,1,37,32
"2019-11-25",0,2,8,8
"2019-11-25",0,5,2,1
"2019-11-26",0,1,31,24
"2019-11-26",0,2,4,4
"2019-11-26",0,5,1,1
"2019-11-27",0,1,27,22
"2019-11-27",0,2,6,6
"2019-11-28",0,1,40,31
"2019-11-28",0,2,15,14
"2019-11-28",0,5,2,2
"2019-11-29",0,1,22,14
"2019-11-29",0,2,4,4
"2019-11-29",0,5,2,2
"2019-11-30",0,1,32,25
"2019-11-30",0,2,11,10
"2019-11-30",0,5,1,1
"2019-12-01",0,1,5,5
"2019-12-01",0,2,1,1
"2019-12-02",0,1,36,32
"2019-12-02",0,2,22,21
"2019-12-03",0,1,25,21
"2019-12-03",0,2,17,16
"2019-12-03",0,5,2,1
"2019-12-04",0,1,21,20
"2019-12-04",0,2,23,22
"2019-12-04",0,5,1,1
"2019-12-05",0,1,27,24
"2019-12-05",0,2,21,20
"2019-12-05",0,5,2,2
"2019-12-06",0,1,28,21
"2019-12-06",0,2,18,16
"2019-12-07",0,1,4,4
"2019-12-07",0,2,14,13
"2019-12-08",0,1,18,16
"2019-12-08",0,2,5,5
"2019-12-09",0,1,23,19
"2019-12-09",0,2,25,22
"2019-12-10",0,1,20,16
"2019-12-10",0,2,11,11
"2019-12-10",0,5,1,1
"2019-12-11",0,1,18,17
"2019-12-11",0,2,5,5
"2019-12-11",0,5,1,1
